Time,Pressure
0.8,0.11453383962155071
1.6,0.11201729301725516
2.4,0.09631834617673794
3.2,0.10037124741448891
4,0.1037339639756215
4.8,0.6920794644388968
6,1.5938649907730942
6.8,1.5931287086286594
7.6,1.6084291869437055
8.4,1.611010246334918
9.2,1.6269514212358527
10.0,1.6075219278712798
10.8,1.599526750452979
11.6,1.5991832154538852
12,1.611457621327927
13,0.8179816717527756
13.8,0.8249591614153208
14.6,0.80934223563296
15.4,0.787813396359508
16.2,0.8246542129446658
17.0,0.7879863898567786
17.8,0.7831172591389656
18.6,0.7956505673529471
19.4,0.827934980927616
20.2,0.8297255630635475
21.0,0.7811871376314959
22,0.8050807268949202
22.8,0.7970439128952758
23.6,0.7870981106845618
24.4,0.8071753215700649
25.2,0.796917041863946
26.0,0.7930937624092163
27,0.7832034601813816
27.8,0.8363945975459368
28.6,0.8248904835044071
29.4,0.8140870490213167
30.2,0.827467012364166
31.0,0.7954545545777547
31.8,0.7842667748238895
32.6,0.8055970128159676
33.4,0.8351622176279044
34.2,0.7742787276310017
35,0.7650741045068867
35.8,0.8136994093781345
36.6,0.7952294439376243
37.4,0.7946795178612154
38.2,0.7759499453159955
39.0,0.790211599488704
39.8,0.7839430031498277
40.6,0.7844652020160902
41.4,0.8005309337780131
42.2,0.7702660834468098
43.0,0.7863804181390988
43.8,0.7824085476243389
44.6,0.7825695573368193
45.4,0.8118817981714965
46.2,0.8193117096237673
47.0,0.7919768614687157
47.8,0.7734421776731724
48.6,0.7992070404560576
49.4,0.8220530077575039
50,0.783577019248078
51,0.5369113568387268
51.8,0.5049252129687828
52.6,0.4812250769751165
53.4,0.4889728506775587
54.2,0.5197070091395396
55.0,0.5113094396935385
55.8,0.5243922605829887
56.6,0.500026404552848
57.4,0.509427631292666
58.2,0.4895256227770187
59.0,0.4830860025377406
60,0.465599429556585
60.8,0.49932218454492705
61.6,0.5100505154760674
62.4,0.4931637771840501
63.2,0.49045963285544253
64.0,0.5255965354187584
64.8,0.5277323128743976
65.6,0.5301093313486008
66.4,0.49411609675499973
67.2,0.5120228466573378
68.0,0.5151913019110267
69,0.5238792885424346
70,0.09917995188271911
70.8,0.09140873723113829
71.6,0.07641842954299485
72.4,0.07261660858936249
73.2,0.0882193500440428
74.0,0.08141141237542943
74.8,0.07698203017664304
75.6,0.06866101446768352
76.4,0.1212538536307091
77.2,0.08811862550091834
78.0,0.10230477090579576
78.8,0.1143483758631185
79.6,0.09500025319058278
80.4,0.0920514131714717
81.2,0.11175207679318452
82.0,0.1278889280506233
82.8,0.11046996001287655
83.6,0.10643876851166871
84.4,0.0726990829048644
85.2,0.10414672559415601
86.0,0.09407205718086027
86.8,0.08484700710553793
87.6,0.07423798251953001
88.4,0.12955213085307826
89.2,0.08806833884331802
90.0,0.10902711157618843
90.8,0.11994827557441123
91.6,0.07710924550619902
92.4,0.09265616417341896
93.2,0.12324379494747673
94.0,0.08397048142576707
94.8,0.07319079030714686
95.6,0.10448131005845976
96.4,0.06980826649902297
97.2,0.12591069776728053
98.0,0.09757647738350304
98.8,0.09995986673376334
99.6,0.10049725848215446
100,0.1385358163693743
100.8,0.08118070075674712
101.6,0.07611866681636081
102.4,0.07217738528024986
103.2,0.11388624328406678
104,0.1439976071743812
104.8,0.7022559381644415
106,1.6046708032226191
106.8,1.5932161078945168
107.6,1.5914989543812423
108.4,1.607778711479756
109.2,1.586476171395786
110.0,1.5876178419924274
110.8,1.6071144476848502
111.6,1.5928533854659364
112,1.5651813240317058
113,0.809589609896467
113.8,0.832434165725929
114.6,0.8330821516298532
115.4,0.7946595519860539
116.2,0.820718123806997
117.0,0.8242030862101251
117.8,0.8250226257033444
118.6,0.7886350154517252
119.4,0.8090876686128907
120.2,0.8081138834624926
121.0,0.7864311743865176
122,0.7884892445095045
122.8,0.8123665809048496
123.6,0.7946896409806204
124.4,0.8357799916703791
125.2,0.8246148550811343
126.0,0.8255083422221113
127,0.7785774481616082
127.8,0.822896843211029
128.6,0.8313056860939143
129.4,0.796311753565698
130.2,0.7870942495525353
131.0,0.8078997116796591
131.8,0.8377243729542221
132.6,0.8181409650086716
133.4,0.7967603113473885
134.2,0.7788253897037943
135,0.7597139997981465
135.8,0.8045407581835704
136.6,0.7948089309833367
137.4,0.792352726553769
138.2,0.8122853544066999
139.0,0.8277993266891733
139.8,0.7865306345954509
140.6,0.8259130845137082
141.4,0.7754577001234956
142.2,0.8209875080523867
143.0,0.7879282611759614
143.8,0.7783030060384316
144.6,0.7759950971252553
145.4,0.8246412454616435
146.2,0.8118447438795209
147.0,0.8006292440106837
147.8,0.8229102388746479
148.6,0.805979805804191
149.4,0.8217288771376718
150,0.835724639993187
151,0.46463956070597134
151.8,0.5183498500492807
152.6,0.49950245781173347
153.4,0.49551271731024055
154.2,0.4924656954221744
155.0,0.5006271539823977
155.8,0.5059998922347528
156.6,0.5104320028735682
157.4,0.49579471550581
158.2,0.4815277443281311
159.0,0.4713163767303961
160,0.547473025660841
160.8,0.5107293021634435
161.6,0.5054346431127046
162.4,0.516641674358994
163.2,0.4879569229824971
164.0,0.53076546400127
164.8,0.5020344716015991
165.6,0.4881415034031225
166.4,0.48091260942397496
167.2,0.4973818219224882
168.0,0.4709973943617726
169,0.4704373985099634
170,0.11692432411474166
170.8,0.10977197374128567
171.6,0.07550653128426515
172.4,0.12511979990246483
173.2,0.12387120277389163
174.0,0.10609533312479763
174.8,0.12535565183585265
175.6,0.07193522968438153
176.4,0.07376597388083944
177.2,0.11759376324032328
178.0,0.09395910678796729
178.8,0.08335282201820705
179.6,0.07351091939752924
180.4,0.07192330954553584
181.2,0.08211344070258825
182.0,0.10290083297999403
182.8,0.09209004862109749
183.6,0.07425435918033456
184.4,0.10375762011860161
185.2,0.08212525443117555
186.0,0.11325740785970125
186.8,0.08120329941854817
187.6,0.10393514608743144
188.4,0.07479408896861124
189.2,0.11386429732342165
190.0,0.07980220385403877
190.8,0.08894686328037993
191.6,0.08292951108969393
192.4,0.07180469837984108
193.2,0.08948270707994405
194.0,0.12214490863385598
194.8,0.07268178615489053
195.6,0.08768361632608071
196.4,0.11363536680697423
197.2,0.10793637745270279
198.0,0.0756399588538226
198.8,0.12105184426047541
199.6,0.0822122759000636
200,0.05641125353235757
200.8,0.09748584569653682
201.6,0.07677521410998026
202.4,0.11022258422961465
203.2,0.09665894353943554
204,0.06392056677024534
204.8,0.69498849469731
206,1.606887143954778
206.8,1.5933225790470837
207.6,1.5984208610481139
208.4,1.5742440956013475
209.2,1.600748042887717
210.0,1.6198596579688505
210.8,1.6300745886034556
211.6,1.62262915914094
212,1.638418247529335
213,0.8074299448686529
213.8,0.8308164886497804
214.6,0.809985448154539
215.4,0.8343297846191391
216.2,0.8164314132940561
217.0,0.8188218825171999
217.8,0.8349197599036464
218.6,0.8208018944527593
219.4,0.7985490995802815
220.2,0.8282369056089212
221.0,0.7846459570567113
222,0.8214659796666068
222.8,0.8094765969373403
223.6,0.805901557336715
224.4,0.7852655867058039
225.2,0.7990391063058006
226.0,0.836649651456185
227,0.8146823691285707
227.8,0.8345354967185407
228.6,0.8025982208210853
229.4,0.7897469362592172
230.2,0.7823202817639955
231.0,0.8277097374906883
231.8,0.8110967784160417
232.6,0.7826769431875229
233.4,0.7988186810772396
234.2,0.8261229743506525
235,0.7544094464592563
235.8,0.8025857285395278
236.6,0.8211707666702158
237.4,0.8043105244362239
238.2,0.8251375653860219
239.0,0.7807854830418144
239.8,0.7749000612772778
240.6,0.7859719748592461
241.4,0.8182963030064632
242.2,0.7975985938915894
243.0,0.7887181721025723
243.8,0.778486954164096
244.6,0.7687077596262587
245.4,0.7978164972854863
246.2,0.7689845605997094
247.0,0.8304912378145975
247.8,0.7896409655085632
248.6,0.8236221576313492
249.4,0.8066185230474219
250,0.7737664512332065
251,0.5166001376045639
251.8,0.516783389606412
252.6,0.4874504607363606
253.4,0.4865930258788852
254.2,0.5288704634817876
255.0,0.4783481094967611
255.8,0.4738180521016228
256.6,0.47036646638279744
257.4,0.5089275852016418
258.2,0.5168857809210681
259.0,0.5281170164593858
260,0.5348707535666642
260.8,0.5038113119650787
261.6,0.4825661139641869
262.4,0.49440945793864016
263.2,0.47848803551043395
264.0,0.5037010435312504
264.8,0.4698885466472984
265.6,0.5099777290852779
266.4,0.5281750031066113
267.2,0.48356626355401655
268.0,0.5084305505674624
269,0.5152332221635804
270,0.08907928039851018
270.8,0.10076338472763041
271.6,0.12104527321668623
272.4,0.10984871405161185
273.2,0.12241401173319934
274.0,0.08526517152941265
274.8,0.07232940683169904
275.6,0.11261948918160522
276.4,0.08602525354460647
277.2,0.10660021979799822
278.0,0.12278379911692752
278.8,0.0727172309630433
279.6,0.08542714994663857
280.4,0.10085933978358982
281.2,0.12599986514795392
282.0,0.10061331381638505
282.8,0.07455424279246624
283.6,0.09935823506912783
284.4,0.10369267932290938
285.2,0.09892179708697069
286.0,0.07364253644835544
286.8,0.08095282458417855
287.6,0.0991667770865443
288.4,0.10698356917204499
289.2,0.09463000990434522
290.0,0.09667949120485492
290.8,0.08784389784444432
291.6,0.12744689997361458
292.4,0.07346943622923194
293.2,0.07124732373797449
294.0,0.09525510102718582
294.8,0.07723660400439059
295.6,0.08789038826471562
296.4,0.07147809840783288
297.2,0.11811130752348617
298.0,0.11385694781184814
298.8,0.11239454553821042
299.6,0.11374183669698042
300,0.05890774604268748
300.8,0.11511788026177001
301.6,0.12165029748428599
302.4,0.08066916942344896
303.2,0.07452936694698604
304,0.11781619272921025
304.8,0.706236415702998
306,1.61946596386334
306.8,1.6157247352183068
307.6,1.6118802451495073
308.4,1.6025543557377555
309.2,1.6307105967615407
310.0,1.614525824902673
310.8,1.576737882033098
311.6,1.6301739621196276
312,1.60925564665607
313,0.8032857493049532
313.8,0.8226706004728442
314.6,0.8271054095496524
315.4,0.8123905907527771
316.2,0.7955626385892975
317.0,0.7830953222337842
317.8,0.8352943473241594
318.6,0.788399086125752
319.4,0.8264831160995368
320.2,0.7894545821421588
321.0,0.7766753965427091
322,0.8140327858520767
322.8,0.8020173730121114
323.6,0.8309328374956203
324.4,0.7835274140454482
325.2,0.790386343379556
326.0,0.8284614207726294
327,0.802780376820045
327.8,0.8043887697047634
328.6,0.8152626263647806
329.4,0.7893786784054624
330.2,0.7831877452860307
331.0,0.8379993429408167
331.8,0.7853273750196251
332.6,0.7885807807922524
333.4,0.831739684277281
334.2,0.7703383998503626
335,0.7803974974005232
335.8,0.8087807797925757
336.6,0.8110495482813772
337.4,0.8159923632551016
338.2,0.7740994919120759
339.0,0.7811883626171494
339.8,0.8294460167011187
340.6,0.8118248080849852
341.4,0.808407402206017
342.2,0.782910250116806
343.0,0.7998505679053638
343.8,0.8185025152277822
344.6,0.8067992459210911
345.4,0.8294882856919084
346.2,0.8160292258495856
347.0,0.8128487083781389
347.8,0.7739967595632086
348.6,0.8101770856124327
349.4,0.768369522089813
350,0.7609980329379642
351,0.5126381625247424
351.8,0.5007411904843012
352.6,0.519862767373573
353.4,0.47200981730918345
354.2,0.4712795008789401
355.0,0.47161402264046637
355.8,0.5293316424363274
356.6,0.5065428615972373
357.4,0.47751514465507844
358.2,0.5003945545932136
359.0,0.4821402424628966
360,0.5224605794733561
360.8,0.4868988956992035
361.6,0.5130615732106167
362.4,0.5205084012454831
363.2,0.49900808640599426
364.0,0.5106333580536486
364.8,0.5036202133803797
365.6,0.48825389891528986
366.4,0.4714742257481697
367.2,0.5316808976977959
368.0,0.5186604704423493
369,0.5102551979569104
370,0.08819499486378542
370.8,0.08394579012351572
371.6,0.11218808251231907
372.4,0.11890892909721033
373.2,0.10334129821745741
374.0,0.10537868296215122
374.8,0.1057996297637089
375.6,0.09579978946962012
376.4,0.11457717738193327
377.2,0.12598456338731154
378.0,0.1312788684103236
378.8,0.09094632523810148
379.6,0.09422764337926157
380.4,0.10988116686915594
381.2,0.1097572743621341
382.0,0.1049264389740878
382.8,0.11266017617697756
383.6,0.0971319330667122
384.4,0.06923382055761937
385.2,0.08908564173074728
386.0,0.07813921564878734
386.8,0.11170313152061048
387.6,0.09259642367765714
388.4,0.08844031135735586
389.2,0.0919326485996553
390.0,0.07651592017062492
390.8,0.0747944629161448
391.6,0.09588985716009513
392.4,0.08284060393451256
393.2,0.11891910047107188
394.0,0.1236820343437868
394.8,0.07470840253549274
395.6,0.09597038666864802
396.4,0.10159011337906287
397.2,0.0839273456676016
398.0,0.11763649644164498
398.8,0.08594444396934027
399.6,0.07952720705443816
400,0.08363472529955396
400.8,0.09796917629347084
401.6,0.08144390204268984
402.4,0.12557779638787972
403.2,0.09402141854793533
404,0.14907833865576475
404.8,0.7114248272203497
406,1.5887146290418623
406.8,1.588718346743643
407.6,1.585303091581143
408.4,1.577786108003982
409.2,1.6282068082501173
410.0,1.6260731227990484
410.8,1.6109873981186587
411.6,1.6166045280767125
412,1.5627445510206017
413,0.8370737650061
413.8,0.8148868958988644
414.6,0.8364133129022436
415.4,0.8283480387637576
416.2,0.8291008501570524
417.0,0.7918206346290857
417.8,0.848028087643323
418.6,0.7865341804886844
419.4,0.8065681325796541
420.2,0.8279467435519855
421.0,0.7992225233206733
422,0.7759766469102478
422.8,0.8048485790364999
423.6,0.8341424180317298
424.4,0.8264537551023334
425.2,0.8365364628565979
426.0,0.8099305676390186
427,0.8288999365164622
427.8,0.839642103757554
428.6,0.8442895747397505
429.4,0.8046397406843221
430.2,0.8325439759364038
431.0,0.8176057122280583
431.8,0.8141654492627045
432.6,0.7894978733421546
433.4,0.8204856713361066
434.2,0.8102875110832295
435,0.8281680374631638
435.8,0.8308914548510177
436.6,0.8126795743480452
437.4,0.8232908466008372
438.2,0.810943841214
439.0,0.802103808791078
439.8,0.8081331316619259
440.6,0.8389270008789381
441.4,0.8135794446216998
442.2,0.8211742679373817
443.0,0.8209583714500642
443.8,0.8017626981400603
444.6,0.7895404478579263
445.4,0.8194059585851202
446.2,0.7870856829445692
447.0,0.8312460302843862
447.8,0.7894460334810481
448.6,0.7864944149537453
449.4,0.8067094214501371
450,0.7741126618163852
451,0.5475166295006143
451.8,0.5293687549306603
452.6,0.5262018335615807
453.4,0.5184704028471636
454.2,0.510952118948247
455.0,0.5461018143621771
455.8,0.5388999776585486
456.6,0.5390836624797181
457.4,0.5364767589292688
458.2,0.5363924940830336
459.0,0.5297672160882153
460,0.5476057067925411
460.8,0.5266470090862656
461.6,0.5103825844090237
462.4,0.5135972701722873
463.2,0.5269817320929965
464.0,0.5392191354901678
464.8,0.5071125253430508
465.6,0.5248575926361645
466.4,0.4989303744174259
467.2,0.4952449109184126
468.0,0.5089440879397542
469,0.5283819988804412
470,0.15790230962594443
470.8,0.11749240840539524
471.6,0.11506634857113514
472.4,0.12097529675933155
473.2,0.13093367575923293
474.0,0.09794581417991047
474.8,0.1062647722980043
475.6,0.09474019566449518
476.4,0.15193710731585844
477.2,0.1277595133761086
478.0,0.09525683801876411
478.8,0.12075775674020417
479.6,0.10356355767271244
480.4,0.13195280678654844
481.2,0.10291018039600242
482.0,0.1156303327770766
482.8,0.13373404304324654
483.6,0.11796573427394219
484.4,0.1513751817098886
485.2,0.11865798228490258
486.0,0.10822828551516203
486.8,0.15732330242994091
487.6,0.14088260530516447
488.4,0.12675183031077553
489.2,0.14046406022416497
490.0,0.13015586944682955
490.8,0.12343522840358152
491.6,0.13310697705916896
492.4,0.1368191495263923
493.2,0.10911726487891446
494.0,0.16149288134443013
494.8,0.15098453791173883
495.6,0.13369337228751044
496.4,0.13516211488416474
497.2,0.10835891439074657
498.0,0.14765411202211584
498.8,0.10590697443257513
499.6,0.110228406118265
500,0.11924566667260714
500.8,0.13700247887242145
501.6,0.11478122746782096
502.4,0.10710486813217776
503.2,0.16063360393706877
504,0.13690317854231032
504.8,0.730885720773994
506,1.6517378441112787
506.8,1.6223699533752793
507.6,1.6185515233095202
508.4,1.653901441545377
509.2,1.6527070834011641
510.0,1.6156307223355513
510.8,1.6630219828252855
511.6,1.61920107148977
512,1.6669473231663474
513,0.8300200521008381
513.8,0.8717378272226184
514.6,0.839268909191604
515.4,0.8542156299404242
516.2,0.8264243763469921
517.0,0.872482512066441
517.8,0.827317052499135
518.6,0.8616098670326175
519.4,0.8698165696835038
520.2,0.8273443883841696
521.0,0.825867622103899
522,0.8207082252373591
522.8,0.8610787531156857
523.6,0.8709546284832402
524.4,0.8389849564373635
525.2,0.8744344393510334
526.0,0.8683862222067213
527,0.9023418008272694
527.8,0.8682674026675719
528.6,0.8674553922281072
529.4,0.8266802241356953
530.2,0.8314362596992004
531.0,0.8825784419466454
531.8,0.874532156692723
532.6,0.8470879007288421
533.4,0.8285720085282958
534.2,0.8730380138930416
535,0.8719099356082249
535.8,0.8310456142124346
536.6,0.8505601799595518
537.4,0.8263148838229307
538.2,0.8703068136430747
539.0,0.8739233582729653
539.8,0.8494778224817465
540.6,0.8233575165886943
541.4,0.8499076898742389
542.2,0.8320245832335691
543.0,0.8333948428702406
543.8,0.8669646351512339
544.6,0.851923797163051
545.4,0.8210374058194816
546.2,0.8721149232379912
547.0,0.8730970396844077
547.8,0.8348836170084163
548.6,0.8590539477038427
549.4,0.836640006398452
550,0.8271154072188066
551,0.5668491456403446
551.8,0.5575903528939459
552.6,0.5706975567743233
553.4,0.5541896990604368
554.2,0.5320126131684718
555.0,0.5400759616399408
555.8,0.5423804433309203
556.6,0.5668831573625708
557.4,0.5464463091669588
558.2,0.5318719693137507
559.0,0.5385556862655531
560,0.5564062851296864
560.8,0.5656514181886783
561.6,0.57039024597669
562.4,0.5561421680449553
563.2,0.5359762881440011
564.0,0.5511798927142825
564.8,0.5716071557071241
565.6,0.5682473592222383
566.4,0.5715293096739231
567.2,0.5630238031263044
568.0,0.5263738208318325
569,0.5342554635889053
570,0.18431552884963684
570.8,0.1521977626205714
571.6,0.13590864182458678
572.4,0.13432352742877182
573.2,0.1425602913678849
574.0,0.1738146757549316
574.8,0.17475001973632567
575.6,0.14506095044835812
576.4,0.14028594213105183
577.2,0.17086434943045536
578.0,0.16402497947601768
578.8,0.18304450756552826
579.6,0.14584602222922305
580.4,0.17471875463557474
581.2,0.1490268013022183
582.0,0.1706834914082685
582.8,0.17051745562303924
583.6,0.14875409236338077
584.4,0.14584507881137027
585.2,0.18308823046149236
586.0,0.14204934057319876
586.8,0.1451293254014433
587.6,0.1552029433194233
588.4,0.1851060938798741
589.2,0.17431790836007346
590.0,0.17565714724411396
590.8,0.14984407593489765
591.6,0.1547800603809093
592.4,0.13745484895174376
593.2,0.18372838578016437
594.0,0.18999771421707007
594.8,0.13914178759830836
595.6,0.1336443678722853
596.4,0.18944209116332872
597.2,0.14864846916443858
598.0,0.14329943449813792
598.8,0.174411285986376
599.6,0.14377651570191666
600,0.1310178534135768
600.8,0.1538438921216988
601.6,0.15142887741622296
602.4,0.14727967476320225
603.2,0.19417626896971726
604,0.20247482187907462
604.8,0.7575031901405342
606,1.6473385795897995
606.8,1.6515503263068294
607.6,1.6867837046833545
608.4,1.663923826944889
609.2,1.6796075283837757
610.0,1.6872063610189552
610.8,1.6739904338997653
611.6,1.680521701076817
612,1.6918022348189286
613,0.9130222149527771
613.8,0.9040806249198146
614.6,0.8802229586006461
615.4,0.9095131675119288
616.2,0.9110551557066744
617.0,0.8916309668260289
617.8,0.87631994705687
618.6,0.869313829585093
619.4,0.8794417333001661
620.2,0.8903512043202275
621.0,0.8521541591494518
622,0.8635778026932946
622.8,0.8617454448950692
623.6,0.8976579513986868
624.4,0.8937125751400493
625.2,0.8964316599085079
626.0,0.8581073611114565
627,0.9076706955200999
627.8,0.8943092930402564
628.6,0.9134247103852906
629.4,0.8866178980028496
630.2,0.8681831101703581
631.0,0.8816515332117778
631.8,0.8511534042037843
632.6,0.8730497127770651
633.4,0.8948481728595393
634.2,0.8576132053077884
635,0.906231891462181
635.8,0.888559032478041
636.6,0.8499406526093694
637.4,0.9004613034675997
638.2,0.8582661295907857
639.0,0.8486257607720199
639.8,0.8530503248162652
640.6,0.9069863178785234
641.4,0.8942026911802067
642.2,0.8944126107481416
643.0,0.8706623050553494
643.8,0.9078813787434131
644.6,0.8644699885967695
645.4,0.8858378003030057
646.2,0.9001385704073814
647.0,0.9032762383554155
647.8,0.8670987398798161
648.6,0.8669153005636965
649.4,0.8820398034318644
650,0.8459820863655326
651,0.6143248251350305
651.8,0.5775141927198268
652.6,0.5791395606142073
653.4,0.6042419765660375
654.2,0.6012281562879441
655.0,0.5664781258141425
655.8,0.5528311243265343
656.6,0.5770339313824325
657.4,0.5819676127832503
658.2,0.565834533196957
659.0,0.6052494799438974
660,0.6233804970313406
660.8,0.5770801733224025
661.6,0.5603234714652743
662.4,0.5661722732862522
663.2,0.5763937220595142
664.0,0.5940739682914691
664.8,0.6025655181144566
665.6,0.5676644886372751
666.4,0.5658742805163195
667.2,0.5771761185896797
668.0,0.606203231913891
669,0.6036389348661484
670,0.16095019706565847
670.8,0.18881621593111708
671.6,0.1791242032466012
672.4,0.19779593436506382
673.2,0.20521849406720996
674.0,0.18726352006033187
674.8,0.18878025976262122
675.6,0.17352230719118306
676.4,0.16626040517264978
677.2,0.19620877648363294
678.0,0.15837658809078936
678.8,0.16150611331378034
679.6,0.19566918980982656
680.4,0.16838950710808923
681.2,0.19160255885659705
682.0,0.18763105924452417
682.8,0.20930286021090572
683.6,0.1658455584665306
684.4,0.1579200467726177
685.2,0.1764581340763693
686.0,0.18347485164000688
686.8,0.2130707317688687
687.6,0.21884690075702157
688.4,0.17799446993881315
689.2,0.1865933499802621
690.0,0.20681380577076808
690.8,0.21051745007769984
691.6,0.18754113834560504
692.4,0.19152616661041266
693.2,0.17018352552377947
694.0,0.19382788825944444
694.8,0.19278509444301506
695.6,0.17095109420557467
696.4,0.21133928126123575
697.2,0.22184123814485282
698.0,0.17102155648473316
698.8,0.21994254234193558
699.6,0.1829794353933032
700,0.17540146533329543
700.8,0.20041888394723067
701.6,0.1771283691786309
702.4,0.17294680250161143
703.2,0.18537868701245258
704,0.2409846532687117
704.8,0.8014925069419182
706,1.702546617214733
706.8,1.6827666002458859
707.6,1.6805215845856267
708.4,1.6926058654700245
709.2,1.7165244363709704
710.0,1.7128559583320078
710.8,1.666980879700688
711.6,1.676206538182362
712,1.6683012259630863
713,0.9291168751507874
713.8,0.9339219579809075
714.6,0.9407870821734923
715.4,0.9418526455688763
716.2,0.894242326586782
717.0,0.9045157465878607
717.8,0.8838693968766866
718.6,0.8872039452016317
719.4,0.9337514270310002
720.2,0.8969467641427439
721.0,0.9026429937677355
722,0.8712420769864431
722.8,0.9006165750670511
723.6,0.9009620908284118
724.4,0.892969565579614
725.2,0.886487755919068
726.0,0.9300358512555068
727,0.9510649988697681
727.8,0.900044768698978
728.6,0.9203888450052938
729.4,0.8975325837845229
730.2,0.933929456270869
731.0,0.8998395430397947
731.8,0.8895544232663182
732.6,0.925749157289015
733.4,0.9048288015552342
734.2,0.8973259231934619
735,0.9188778864050199
735.8,0.9008386983816173
736.6,0.887218660960759
737.4,0.8889138949414738
738.2,0.8897042413061238
739.0,0.8766048868430829
739.8,0.8849920563206255
740.6,0.9180306921077638
741.4,0.8753491846560605
742.2,0.9198974699202647
743.0,0.8840195149939138
743.8,0.917401912535746
744.6,0.9249407058130291
745.4,0.8749693313745043
746.2,0.8732457855212755
747.0,0.9068199672118883
747.8,0.9099965936748755
748.6,0.9194225926149827
749.4,0.8725145624229387
750,0.855166573552598
751,0.5685449737484849
751.8,0.6033669067223671
752.6,0.6132637943179741
753.4,0.5792875074583641
754.2,0.5835210517618884
755.0,0.6105401597075366
755.8,0.6197028875936026
756.6,0.6112687311996857
757.4,0.6021654005031579
758.2,0.597420484135242
759.0,0.5867301498604405
760,0.5580626467866898
760.8,0.6080494927731587
761.6,0.6158327777867998
762.4,0.613644519398705
763.2,0.62481608993077
764.0,0.5919282508858782
764.8,0.6095775772462418
765.6,0.5774719879655933
766.4,0.6227313067126434
767.2,0.5923284854065026
768.0,0.5762568821838011
769,0.5921552716658229
770,0.19207585687232032
770.8,0.20664279502363267
771.6,0.18335358660754952
772.4,0.21876662698731986
773.2,0.19614954844890603
774.0,0.2142912326959677
774.8,0.20627506298407966
775.6,0.23048048624206247
776.4,0.17502459634794015
777.2,0.19988625207208516
778.0,0.1812009658817782
778.8,0.20654787387343967
779.6,0.18148780465407255
780.4,0.17904324305129043
781.2,0.2148043779483753
782.0,0.1679150520693427
782.8,0.22761186926907234
783.6,0.1941602787257018
784.4,0.19710074979370557
785.2,0.22571303536135162
786.0,0.22660913224069956
786.8,0.19544023384680143
787.6,0.20011072856869871
788.4,0.1943633772976181
789.2,0.18494309239000692
790.0,0.22577807080833096
790.8,0.19832641026981934
791.6,0.21182462597395635
792.4,0.22884897173962793
793.2,0.1959978319322468
794.0,0.1728597890567813
794.8,0.2014683814124073
795.6,0.19753723651529181
796.4,0.17664928244091782
797.2,0.19700862485790333
798.0,0.18794235262729794
798.8,0.1862687214413125
799.6,0.20850768944594883
800,0.17323445903359364
800.8,0.18556746572895813
801.6,0.2163489133873855
802.4,0.20845819345100028
803.2,0.21396825407611614
804,0.19584118769717862
804.8,0.7962564067693154
806,1.7166430041243392
806.8,1.7098242692540477
807.6,1.716648260970438
808.4,1.713958365239566
809.2,1.7150723035982587
810.0,1.6918684226468703
810.8,1.7096620012137955
811.6,1.698457943134941
812,1.700001044157996
813,0.9092737383702688
813.8,0.9015991667229933
814.6,0.9154626268749709
815.4,0.9018399154229869
816.2,0.8967800206042762
817.0,0.9123869487769646
817.8,0.8892351906940231
818.6,0.9054988206103651
819.4,0.8782257650319831
820.2,0.9345794580122819
821.0,0.8725975636729758
822,0.9446400665469614
822.8,0.9073567708419513
823.6,0.9029735584737929
824.4,0.9084359200731089
825.2,0.9095344682054138
826.0,0.9271483970804288
827,0.9302997296724604
827.8,0.9331892261666905
828.6,0.9276145457924695
829.4,0.894933945375134
830.2,0.9237828540587862
831.0,0.9019141349385819
831.8,0.9075615669200188
832.6,0.8918656756381355
833.4,0.883924629333722
834.2,0.8734644234836657
835,0.8964781133077704
835.8,0.8860949302152754
836.6,0.8986122922334223
837.4,0.9104974374489597
838.2,0.9035852174169365
839.0,0.8728341956448937
839.8,0.9198373335386634
840.6,0.9237478343353954
841.4,0.8717833656102906
842.2,0.9076127768026472
843.0,0.9270505264511033
843.8,0.889300630549975
844.6,0.8694141951655524
845.4,0.8899642951512878
846.2,0.8918595099648946
847.0,0.9168778289352666
847.8,0.8678678402882269
848.6,0.9257350913444429
849.4,0.8753699702242922
850,0.9057478056096877
851,0.5630100896355035
851.8,0.5857435810836775
852.6,0.6197997263838813
853.4,0.6252458476295897
854.2,0.6101770293907325
855.0,0.5965725492233335
855.8,0.5742231994800652
856.6,0.5817292059582422
857.4,0.5957017831557829
858.2,0.5939417865322874
859.0,0.57433582345813
860,0.6297945271003962
860.8,0.5874108545545629
861.6,0.5994886364694867
862.4,0.5942707978669391
863.2,0.6156481126398262
864.0,0.6162905805508585
864.8,0.6039775431711898
865.6,0.5751848068944949
866.4,0.5799343931578269
867.2,0.6138712840988829
868.0,0.5774393762219865
869,0.5547926857242955
870,0.1675157814870464
870.8,0.18071574447037264
871.6,0.18712365588114804
872.4,0.17467880424435617
873.2,0.17182047692220992
874.0,0.17812691889313742
874.8,0.1891232980972956
875.6,0.18223298485904887
876.4,0.18305009765485686
877.2,0.19134741079698303
878.0,0.17105178672485416
878.8,0.17112230984547794
879.6,0.20827079507953067
880.4,0.22838686708459643
881.2,0.18322364442379724
882.0,0.22379285578183739
882.8,0.20870857100178086
883.6,0.18499050527322364
884.4,0.16859374546436057
885.2,0.17248914065586368
886.0,0.20896236334129153
886.8,0.1808063481628822
887.6,0.2097813673810272
888.4,0.22959604031337721
889.2,0.2223636739837716
890.0,0.20226928084163387
890.8,0.19025465080492066
891.6,0.20710702433597822
892.4,0.2132693705946109
893.2,0.20922451926539098
894.0,0.18898668022365817
894.8,0.20754833075093593
895.6,0.2172898656525371
896.4,0.2127294951843819
897.2,0.1907141166965135
898.0,0.19855721325821302
898.8,0.21187111440966916
899.6,0.22149195822139822
900,0.2378449020492553
900.8,0.1911805284094829
901.6,0.2016778037377962
902.4,0.19071925569619702
903.2,0.17622303399321348
904,0.19986818989012206
904.8,0.7957194846422628
906,1.693400057988437
906.8,1.6903039515787865
907.6,1.7007165783741631
908.4,1.7162784985786
909.2,1.6897414178649073
910.0,1.7275426580703832
910.8,1.6729207103425452
911.6,1.6751372068450188
912,1.6767236054646368
913,0.8952018884489232
913.8,0.9346969716541699
914.6,0.9285339178648024
915.4,0.9303726131345433
916.2,0.9383430622947607
917.0,0.9232630162525487
917.8,0.9310150318627449
918.6,0.8945374383989606
919.4,0.9008673093626663
920.2,0.8910791629459608
921.0,0.9164824727655921
922,0.8690817662553336
922.8,0.8951089166119764
923.6,0.9167977188379746
924.4,0.8930525055839682
925.2,0.8894290414148935
926.0,0.9359473204457177
927,0.8758264551949065
927.8,0.9249022213592104
928.6,0.9031122425880919
929.4,0.8913722335288272
930.2,0.9049995376075568
931.0,0.9400560205796298
931.8,0.8912226825490996
932.6,0.908017604785195
933.4,0.8774761507111035
934.2,0.873215822648681
935,0.9174044357199391
935.8,0.9069195871093014
936.6,0.9096745014368113
937.4,0.8790888175041697
938.2,0.8724827113290445
939.0,0.9058523842644004
939.8,0.9108618850958652
940.6,0.868546673066061
941.4,0.9127513171678994
942.2,0.9073754920440735
943.0,0.9109631335468095
943.8,0.8857022471264798
944.6,0.9004064489127431
945.4,0.8978877572263605
946.2,0.9042327644048097
947.0,0.8828704257194474
947.8,0.8865849637011518
948.6,0.922901969736567
949.4,0.9094730102390403
950,0.8739964068382913
951,0.5696065720547868
951.8,0.599225592017795
952.6,0.5906654423046608
953.4,0.5963417241740446
954.2,0.6042353674205801
955.0,0.5687586109432696
955.8,0.6123261869185957
956.6,0.6271782048199233
957.4,0.6189232338800027
958.2,0.6129305377313647
959.0,0.6228776112711993
960,0.6127041716726523
960.8,0.5879375048859311
961.6,0.6132789210039227
962.4,0.5769259266837675
963.2,0.6269475858025142
964.0,0.6025769820475099
964.8,0.6031557047103714
965.6,0.5827925864900407
966.4,0.5936335139341332
967.2,0.5887915366576555
968.0,0.5975573182243691
969,0.5864617607569472
970,0.17427133608045664
970.8,0.20851901522015973
971.6,0.20536446695695815
972.4,0.17727018950861073
973.2,0.19018455962300562
974.0,0.17095118796221737
974.8,0.19000482584621137
975.6,0.19698398159164715
976.4,0.2300411037690172
977.2,0.18102653994558926
978.0,0.22301000070532262
978.8,0.21169623621608885
979.6,0.18939823124619395
980.4,0.18864012349739762
981.2,0.22219724138387087
982.0,0.17825355763957457
982.8,0.19438751591744047
983.6,0.2296744268724874
984.4,0.23036173964244094
985.2,0.17954133641272263
986.0,0.17237802660065255
986.8,0.22955397683787715
987.6,0.19656598760677851
988.4,0.22520586077185434
989.2,0.17839252183949572
990.0,0.21456680482733015
990.8,0.16888731955550657
991.6,0.16968223331852506
992.4,0.22192733779523957
993.2,0.2171882339373148
994.0,0.22726518568400567
994.8,0.21311241420309873
995.6,0.19601287914592377
996.4,0.19207113388167252
997.2,0.18847250404971966
998.0,0.22235388942287881
998.8,0.1895776069901437
999.6,0.1727082962713687
1000,0.1901492623520475
1000.8,0.1989868796214463
1001.6,0.17855319909249562
1002.4,0.18727325248933777
1003.2,0.1901818143538413
1004,0.17368051490028996
1004.8,0.802769111844047
1006,1.7050375333873085
1006.8,1.6817322323452313
1007.6,1.7126242013518667
1008.4,1.7277549697986476
1009.2,1.6955672540952735
1010.0,1.6812030869173544
1010.8,1.7149208913919842
1011.6,1.7129723021723688
1012,1.6884375192539098
1013,0.9105170460512784
1013.8,0.9157674848572185
1014.6,0.9356322063089155
1015.4,0.9326914953061188
1016.2,0.9284181806445897
1017.0,0.9101841567942812
1017.8,0.9177240490776568
1018.6,0.9332366693565226
1019.4,0.9182951967700324
1020.2,0.9143219278397962
1021.0,0.9263730333327278
1022,0.9151202518111538
1022.8,0.9132682982157067
1023.6,0.8866016007863253
1024.4,0.8952294287095771
1025.2,0.9359110163487573
1026.0,0.8933455518358785
1027,0.9138446830711647
1027.8,0.9166393197979377
1028.6,0.9034150662245137
1029.4,0.9387882352107859
1030.2,0.9325805855289555
1031.0,0.9258894035414411
1031.8,0.9360644797221243
1032.6,0.8791747875341984
1033.4,0.8993666458013103
1034.2,0.8796014403396885
1035,0.9352337817172194
1035.8,0.9181309942364864
1036.6,0.8951884958075436
1037.4,0.9170007390053667
1038.2,0.9077217248037843
1039.0,0.8967079832160617
1039.8,0.9139933069357465
1040.6,0.8702609272720414
1041.4,0.9277399185368796
1042.2,0.9087536146882614
1043.0,0.9219809230964637
1043.8,0.8900397226281486
1044.6,0.873675145174577
1045.4,0.8904655910798834
1046.2,0.9196136055779462
1047.0,0.8978468540516775
1047.8,0.8974017094817964
1048.6,0.9111518948342108
1049.4,0.9167728719509586
1050,0.8867696697900985
1051,0.6173122432733935
1051.8,0.5848422987061781
1052.6,0.6058727173503541
1053.4,0.593746918441434
1054.2,0.6093758845513512
1055.0,0.5967149797274468
1055.8,0.6122137831664254
1056.6,0.5847120175135445
1057.4,0.5852195949970032
1058.2,0.5706623388456807
1059.0,0.6250640630868377
1060,0.6205295236947104
1060.8,0.6150709520778784
1061.6,0.6108072727139201
1062.4,0.6074531895135409
1063.2,0.6174330209390548
1064.0,0.5915496696736617
1064.8,0.5681524376856601
1065.6,0.5975776675420779
1066.4,0.6225275293933132
1067.2,0.5831757257478838
1068.0,0.6009000529972921
1069,0.6114411164744011
1070,0.2340815295488411
1070.8,0.1853814438836124
1071.6,0.1778137915663669
1072.4,0.18811115108946824
1073.2,0.19404137276892758
1074.0,0.18410584770795008
1074.8,0.18908640604369653
1075.6,0.20163442138865267
1076.4,0.20331575520681155
1077.2,0.20221127428072222
1078.0,0.22102830321583983
1078.8,0.17958328512725813
1079.6,0.19061778400119
1080.4,0.21463983969886652
1081.2,0.2153552663649877
1082.0,0.22203175202062314
1082.8,0.2256156084508486
1083.6,0.21917818638326872
1084.4,0.22967939420046124
1085.2,0.22426321094929064
1086.0,0.1971492055336479
1086.8,0.1762224240919525
1087.6,0.19068004778008724
1088.4,0.19607125021389588
1089.2,0.2102479854192736
1090.0,0.21490118612791734
1090.8,0.20918688392666074
1091.6,0.2281993791391601
1092.4,0.1679901320444141
1093.2,0.20532600844691007
1094.0,0.22133079700496466
1094.8,0.172151466018587
1095.6,0.2245007142077275
1096.4,0.20457755767306207
1097.2,0.21740925685424634
1098.0,0.18532483362361135
1098.8,0.20105583172049163
1099.6,0.1779614324661702
1100,0.15435169490376743
1100.8,0.1823650407648797
1101.6,0.18995035780835678
1102.4,0.19908491165040781
1103.2,0.17759297860603007
1104,0.1775202055013102
1104.8,0.8051426290532141
1106,1.6794616886610199
1106.8,1.7084661425827863
1107.6,1.7118020682409814
1108.4,1.711400923458891
1109.2,1.702274530911264
1110.0,1.7090835088785612
1110.8,1.69143806716547
1111.6,1.6686786699658842
1112,1.7340818527255266
1113,0.9159529497700999
1113.8,0.9060816926138212
1114.6,0.911353790091559
1115.4,0.894454013672901
1116.2,0.9244611297472358
1117.0,0.9002114658562018
1117.8,0.8849651270274417
1118.6,0.9231330434763171
1119.4,0.8861743107833827
1120.2,0.8882559801191523
1121.0,0.8929364061998726
1122,0.9269312550484887
1122.8,0.9197438946371691
1123.6,0.9037717351581178
1124.4,0.9270692231346739
1125.2,0.8944925931279836
1126.0,0.9283497988446278
1127,0.958433180518867
1127.8,0.9101303505317777
1128.6,0.9244334518866758
1129.4,0.9348265398342259
1130.2,0.9122535998591652
1131.0,0.9357793903579694
1131.8,0.895182562599578
1132.6,0.9258583020936687
1133.4,0.920795833795976
1134.2,0.9111092313857331
1135,0.9326925965450369
1135.8,0.9105504350454097
1136.6,0.8960703062625426
1137.4,0.8932092170305682
1138.2,0.8745866270016482
1139.0,0.8708254462190661
1139.8,0.8931631983351127
1140.6,0.8854736213834746
1141.4,0.8748347449924287
1142.2,0.9049904439478749
1143.0,0.8775288394127291
1143.8,0.8818384699712264
1144.6,0.8991217405446756
1145.4,0.8846328537814205
1146.2,0.8720835281889134
1147.0,0.9191135574647363
1147.8,0.8837409732781439
1148.6,0.90269663061506
1149.4,0.9210325887727113
1150,0.8715625167649741
1151,0.5757570561112899
1151.8,0.6165805665877205
1152.6,0.6007739198229157
1153.4,0.5855578324185765
1154.2,0.6257163189849517
1155.0,0.5814717933422778
1155.8,0.5900847740702255
1156.6,0.5990965043008528
1157.4,0.5788747969731276
1158.2,0.5959911196876456
1159.0,0.6197354875565594
1160,0.5655311366877159
1160.8,0.6127881161727573
1161.6,0.586305202704957
1162.4,0.6202750687999913
1163.2,0.5965763770515486
1164.0,0.6051863147959058
1164.8,0.5860087537103166
1165.6,0.6166514717589099
1166.4,0.606966010618216
1167.2,0.6082131388561266
1168.0,0.5904134642654705
1169,0.5746586415671805
1170,0.16791703483170956
1170.8,0.20218174783337312
1171.6,0.2142988424358292
1172.4,0.19982412290266338
1173.2,0.18126985429516293
1174.0,0.1897519062128981
1174.8,0.22303327777872134
1175.6,0.17678380842474611
1176.4,0.19036899190936452
1177.2,0.20078936778815965
1178.0,0.2259878266255263
1178.8,0.1949625550085715
1179.6,0.2210147416607705
1180.4,0.1910050332205645
1181.2,0.17554746975686575
1182.0,0.20131821202524322
1182.8,0.22357512687167208
1183.6,0.19792001458467828
1184.4,0.1885042438324856
1185.2,0.20296929246507506
1186.0,0.19816629151361068
1186.8,0.18372712506133881
1187.6,0.20710441192310558
1188.4,0.1952018961599853
1189.2,0.17162505543605372
1190.0,0.19655206718096485
1190.8,0.22037669858260195
1191.6,0.2087323245801126
1192.4,0.1765458187033589
1193.2,0.1788167448879266
1194.0,0.21838035503347025
1194.8,0.18442346678135813
1195.6,0.20917602030000434
1196.4,0.2121560153465959
1197.2,0.19314630658966464
1198.0,0.1866042369901778
1198.8,0.22224850760446963
1199.6,0.17984265377581016
1200,0.23709274608012465
1200.8,0.2112323206965528
1201.6,0.18693761346317123
1202.4,0.20518580074492038
1203.2,0.17639788834070563
1204,0.161080266792834
1204.8,0.8071051961594059
1206,1.682026954889211
1206.8,1.6838002654922897
1207.6,1.7169272978727126
1208.4,1.7043666090804648
1209.2,1.7023850924900565
1210.0,1.7175773180187803
1210.8,1.7021344494369117
1211.6,1.670958164295234
1212,1.7345048534843877
1213,0.9248532043312114
1213.8,0.9075816938863199
1214.6,0.9136032558229243
1215.4,0.9396983196879187
1216.2,0.8928167589220665
1217.0,0.8809758411993466
1217.8,0.9162155223331983
1218.6,0.9230686045403397
1219.4,0.8877569417949673
1220.2,0.8778027051350905
1221.0,0.9130671614796504
1222,0.8801828539694997
1222.8,0.919915563420201
1223.6,0.9110153240964418
1224.4,0.9217324191756036
1225.2,0.9313076315670363
1226.0,0.9196590050495721
1227,0.9236074368013479
1227.8,0.9274261782546745
1228.6,0.8905596088287846
1229.4,0.8887695904770992
1230.2,0.9405591888760083
1231.0,0.8861035523820563
1231.8,0.9216570384012404
1232.6,0.8801923473111061
1233.4,0.9338477899210997
1234.2,0.8846702225347887
1235,0.8930583340881569
1235.8,0.8908094654098085
1236.6,0.8825176357559958
1237.4,0.8785278306805765
1238.2,0.8965504137227394
1239.0,0.9078616990782169
1239.8,0.9168774367234006
1240.6,0.9078590986803807
1241.4,0.8931616999549565
1242.2,0.8995199102468632
1243.0,0.9004568216770651
1243.8,0.9094224443549158
1244.6,0.9199975694904814
1245.4,0.9021903884512992
1246.2,0.8687289846436972
1247.0,0.9271078472519308
1247.8,0.8948175648066778
1248.6,0.9144800971732416
1249.4,0.9109764750931832
1250,0.9014579405507883
1251,0.6129265000964748
1251.8,0.5828729202840917
1252.6,0.5912141971754379
1253.4,0.6119672264815996
1254.2,0.6042969047576773
1255.0,0.5891384981087311
1255.8,0.6185585187961197
1256.6,0.5805308147797331
1257.4,0.5679914192634298
1258.2,0.5935783442499064
1259.0,0.5954475546165648
1260,0.5726215353574823
1260.8,0.6173848260685323
1261.6,0.6215084238936677
1262.4,0.6062430401384106
1263.2,0.6293168032411518
1264.0,0.6122824299306147
1264.8,0.6044911296340524
1265.6,0.5694586773172549
1266.4,0.6216909625141492
1267.2,0.581841902649807
1268.0,0.6035971040256368
1269,0.5551840408768144
1270,0.22715178534977887
1270.8,0.20685395845801058
1271.6,0.19289137394656264
1272.4,0.1755883970762469
1273.2,0.18254541330238766
1274.0,0.1873836434653237
1274.8,0.21651542869746562
1275.6,0.20149690628866235
1276.4,0.17276975113857623
1277.2,0.1812842475744439
1278.0,0.22509180905441395
1278.8,0.18713923812633798
1279.6,0.20995023605278723
1280.4,0.1686933658092694
1281.2,0.1899158882548308
1282.0,0.2273495931776237
1282.8,0.21137339697517207
1283.6,0.18593937813492095
1284.4,0.23084706895397167
1285.2,0.21990025517215117
1286.0,0.18562437161060852
1286.8,0.17882502658611266
1287.6,0.17521491459655103
1288.4,0.18746566010892435
1289.2,0.17574438043060725
1290.0,0.18737630361465685
1290.8,0.19356922093157647
1291.6,0.20343665600438526
1292.4,0.18751176909161593
1293.2,0.20572639584430052
1294.0,0.22627082065579313
1294.8,0.2068188583071504
1295.6,0.18496485967732734
1296.4,0.172106635608259
1297.2,0.21231491682358228
1298.0,0.21416909780301363
1298.8,0.20806175092321127
1299.6,0.22686204475895155
1300,0.19370333927480488
1300.8,0.21711016377346812
1301.6,0.2105920734053498
1302.4,0.19043508526644332
1303.2,0.22526959239935473
1304,0.16673037422622397
1304.8,0.7915368792888008
1306,1.6995058016219333
1306.8,1.7130082536566331
1307.6,1.714668138354315
1308.4,1.6935167675120644
1309.2,1.6937374067996191
1310.0,1.7248403050955603
1310.8,1.7189383656318145
1311.6,1.730736299953745
1312,1.7206945171195518
1313,0.9467762126293342
1313.8,0.9331680090824386
1314.6,0.8909877725451391
1315.4,0.9103850858682349
1316.2,0.9081732640635286
1317.0,0.9072295488860045
1317.8,0.9030599081534508
1318.6,0.8887947520619665
1319.4,0.9004358523976771
1320.2,0.93316458115205
1321.0,0.9190797689811709
1322,0.8819685548999501
1322.8,0.9091832041560618
1323.6,0.9190735465110147
1324.4,0.8974740938442627
1325.2,0.9178925602051489
1326.0,0.9127292468425523
1327,0.9357740217465285
1327.8,0.9184440336689829
1328.6,0.9155960775314784
1329.4,0.9116178362713538
1330.2,0.9022305959377579
1331.0,0.9205763207399199
1331.8,0.8802245213542979
1332.6,0.8913213619383608
1333.4,0.8730799205959661
1334.2,0.8977217594790822
1335,0.8594281652409819
1335.8,0.8869338979472169
1336.6,0.9030020943216087
1337.4,0.8869889915258472
1338.2,0.892628275870055
1339.0,0.8941624529582509
1339.8,0.8748305632435893
1340.6,0.8864820312190129
1341.4,0.8907284277779619
1342.2,0.888080621654737
1343.0,0.9164795065098642
1343.8,0.8936872812000757
1344.6,0.9113755701240462
1345.4,0.9138728845615915
1346.2,0.8922910437764079
1347.0,0.8796443404919225
1347.8,0.9005072194925264
1348.6,0.9014796094246316
1349.4,0.8877639616443291
1350,0.9093282314771444
1351,0.5941110724838103
1351.8,0.6022759939841126
1352.6,0.6240258734979817
1353.4,0.6054540870042028
1354.2,0.6215798093921894
1355.0,0.585370046302557
1355.8,0.6209156378774001
1356.6,0.5884407937185464
1357.4,0.6043885203747609
1358.2,0.6199635302205218
1359.0,0.5996851138152148
1360,0.562431259794428
1360.8,0.6075405987346081
1361.6,0.6149000541813808
1362.4,0.5786742091881385
1363.2,0.5753914848184112
1364.0,0.5862334347128979
1364.8,0.5886915729513574
1365.6,0.6045004591081042
1366.4,0.6122162681590608
1367.2,0.6094483677097279
1368.0,0.5879884292748682
1369,0.6306923253382029
1370,0.21661551585442868
1370.8,0.19420234002259135
1371.6,0.21088877391467425
1372.4,0.1815485735430022
1373.2,0.226568678400624
1374.0,0.2091056930714411
1374.8,0.19977664391110672
1375.6,0.21064942542701187
1376.4,0.18082583440651429
1377.2,0.18686219001788584
1378.0,0.18187236681819072
1378.8,0.22618817757223447
1379.6,0.1813045897865146
1380.4,0.18597441170434045
1381.2,0.2174797066386165
1382.0,0.19019326878300366
1382.8,0.20668815415097944
1383.6,0.1882068162367719
1384.4,0.20774288425545023
1385.2,0.1920652308850465
1386.0,0.21549336101764255
1386.8,0.1975999225909804
1387.6,0.18879789128989405
1388.4,0.22274995546154547
1389.2,0.22096887984281988
1390.0,0.22429405575561992
1390.8,0.20871493483643655
1391.6,0.16842731908540176
1392.4,0.20424559793279765
1393.2,0.1864213070403467
1394.0,0.21264232386950005
1394.8,0.18374943843054542
1395.6,0.18848951230483596
1396.4,0.22990328334148175
1397.2,0.18521297836375017
1398.0,0.2173144547565452
1398.8,0.21742204798889925
1399.6,0.17523239506042426
1400,0.1729100213816238
1400.8,0.1961043517476327
1401.6,0.2054203927369317
1402.4,0.22629409580636295
1403.2,0.1779330230138606
1404,0.2075856130964726
1404.8,0.7973628105212421
1406,1.7193124930968955
1406.8,1.6984487670637594
1407.6,1.7139514219256349
1408.4,1.7213560153100638
1409.2,1.7166320847096728
1410.0,1.7194641383440434
1410.8,1.6744365656506546
1411.6,1.6752020470733735
1412,1.6726771925890003
1413,0.944668336619358
1413.8,0.915246201271852
1414.6,0.9238662655160935
1415.4,0.9032121876012854
1416.2,0.9103678299595381
1417.0,0.9389696935906158
1417.8,0.9190846315706336
1418.6,0.8948015082707376
1419.4,0.9106134347045556
1420.2,0.8736384581847464
1421.0,0.8928794447518802
1422,0.8673005811483987
1422.8,0.9209573786382333
1423.6,0.9078849389414013
1424.4,0.9282489379477655
1425.2,0.8993642471830091
1426.0,0.9456349214851617
1427,0.9163836949563982
1427.8,0.9080968213323457
1428.6,0.9250587391929461
1429.4,0.9047081469260281
1430.2,0.8971728282875014
1431.0,0.927812392943636
1431.8,0.8865390763538122
1432.6,0.9039457401460863
1433.4,0.8845045414618066
1434.2,0.8937937738819405
1435,0.9217258165728909
1435.8,0.8999509204591133
1436.6,0.8974819937946106
1437.4,0.8809171055071282
1438.2,0.8776155083069508
1439.0,0.8989818730467021
1439.8,0.9184799331498793
1440.6,0.9040240296669683
1441.4,0.9192289121077621
1442.2,0.9103840781437083
1443.0,0.8939733959107087
1443.8,0.893673728296201
1444.6,0.8689387683122239
1445.4,0.8760534814928826
1446.2,0.920344615133199
1447.0,0.9156695302843865
1447.8,0.872906815519337
1448.6,0.9080758149764477
1449.4,0.9110809202954451
1450,0.9264056383984742
1451,0.5926425950927388
1451.8,0.6177090124911967
1452.6,0.5874445446195464
1453.4,0.573673196841415
1454.2,0.6175928726239813
1455.0,0.6033071673509738
1455.8,0.6225684180273396
1456.6,0.6300641783207845
1457.4,0.5813301831131227
1458.2,0.5678671987807352
1459.0,0.6143262507714914
1460,0.5798212691039933
1460.8,0.6059023352030158
1461.6,0.5833363011775807
1462.4,0.5741482904216959
1463.2,0.5908033045034097
1464.0,0.5837381018397075
1464.8,0.5842332926309584
1465.6,0.5869407102095436
1466.4,0.5791958443357167
1467.2,0.6245961327929967
1468.0,0.5698905408114364
1469,0.6202262962682743
1470,0.18946851425702904
1470.8,0.18949125739879474
1471.6,0.18001377209173458
1472.4,0.1990537691509086
1473.2,0.20647918171617274
1474.0,0.1702992064200317
1474.8,0.19147300623226687
1475.6,0.22802312048091616
1476.4,0.20996908260546715
1477.2,0.1837487277137175
1478.0,0.17233823287582173
1478.8,0.2252658837720226
1479.6,0.23005956233243363
1480.4,0.2047584703284809
1481.2,0.21437050510938915
1482.0,0.20683526165808214
1482.8,0.19584084709867774
1483.6,0.17371495832440667
1484.4,0.1959804318025236
1485.2,0.1692322327480399
1486.0,0.19820438542134128
1486.8,0.1779937731031183
1487.6,0.19697179921088998
1488.4,0.2016343673441287
1489.2,0.19595416548363798
1490.0,0.1827662405957075
1490.8,0.22509184998595788
1491.6,0.22745264148652894
1492.4,0.21476544358829253
1493.2,0.19920436010329517
1494.0,0.17517081266520262
1494.8,0.21403890313433832
1495.6,0.16785759755715965
1496.4,0.2004906338228961
1497.2,0.21794119612684193
1498.0,0.1807835871711238
1498.8,0.2011148535131968
1499.6,0.2153765425911895
1500,0.19933541967940832
1500.8,0.18834433071569442
1501.6,0.20473675389905235
1502.4,0.2059728062917956
1503.2,0.1974985401666814
1504,0.2432441409005966
1504.8,0.7948016309738418
1506,1.717885491216087
1506.8,1.7151449312693734
1507.6,1.6841738495631629
1508.4,1.7089157592510067
1509.2,1.6796987217077193
1510.0,1.7131142772824894
1510.8,1.6922958792811114
1511.6,1.6956163705881033
1512,1.6572386342407968
1513,0.9412379175987906
1513.8,0.9223404886559163
1514.6,0.9128387219081481
1515.4,0.9377379735196927
1516.2,0.8905502751367887
1517.0,0.8848981964303749
1517.8,0.936478297818427
1518.6,0.9357513584407272
1519.4,0.8924268126936667
1520.2,0.9244999164893827
1521.0,0.8895657359393431
1522,0.9420081316042029
1522.8,0.9024582349632714
1523.6,0.8912940466030944
1524.4,0.8887254214441789
1525.2,0.9326210140673629
1526.0,0.8896601299344803
1527,0.9415458305094515
1527.8,0.9190277830793773
1528.6,0.934536077574851
1529.4,0.9363285246414466
1530.2,0.9355071941563571
1531.0,0.8856950397997807
1531.8,0.8889568672245514
1532.6,0.8777247218123567
1533.4,0.9340364450690986
1534.2,0.8914063039005058
1535,0.8893101100970324
1535.8,0.8957228827831053
1536.6,0.8794221167034315
1537.4,0.8786765182345175
1538.2,0.903457293463243
1539.0,0.9084520477702998
1539.8,0.8831792822216303
1540.6,0.8739829788078366
1541.4,0.9135682270819686
1542.2,0.888258260034123
1543.0,0.8887186225386113
1543.8,0.9252500359802052
1544.6,0.923793137458888
1545.4,0.880706647912015
1546.2,0.884679030581516
1547.0,0.9032586763104968
1547.8,0.9301503953506146
1548.6,0.8831939679477895
1549.4,0.9033835221135691
1550,0.8689416684483052
1551,0.5724937124971207
1551.8,0.6153374489729357
1552.6,0.6241436180336537
1553.4,0.5884762684484481
1554.2,0.5982851086883628
1555.0,0.6170483537737484
1555.8,0.5980255364061242
1556.6,0.5691975905318546
1557.4,0.6180267806029013
1558.2,0.6024894258270115
1559.0,0.6130247392518262
1560,0.603670624818042
1560.8,0.5856428041811972
1561.6,0.5891968500283564
1562.4,0.5803293132496256
1563.2,0.6228545792736949
1564.0,0.5721459121295448
1564.8,0.6235703262633204
1565.6,0.5820092513703748
1566.4,0.5759804043229527
1567.2,0.6021899651860817
1568.0,0.6267838015582905
1569,0.6042549348499477
1570,0.21579926942058553
1570.8,0.20205138597474356
1571.6,0.1998242045899158
1572.4,0.18621343811290048
1573.2,0.21243222253503435
1574.0,0.1743019032787585
1574.8,0.21673466270738112
1575.6,0.2205252146276881
1576.4,0.2228363337605493
1577.2,0.2034313853740472
1578.0,0.17413521888373779
1578.8,0.1932647527901643
1579.6,0.17481081974739765
1580.4,0.2075372340637248
1581.2,0.18757594065180003
1582.0,0.1831648042689531
1582.8,0.17077176646758302
1583.6,0.2299624599282698
1584.4,0.19763248075325018
1585.2,0.2190445146783488
1586.0,0.21850499806905793
1586.8,0.2152764187840287
1587.6,0.19378521540907115
1588.4,0.22092366065111102
1589.2,0.17616131166611965
1590.0,0.1759063016115362
1590.8,0.18016811088170986
1591.6,0.1856196760417394
1592.4,0.2236647093905324
1593.2,0.22148446950449346
1594.0,0.17486322249576358
1594.8,0.22896670164858318
1595.6,0.20323878378579224
1596.4,0.21525165407016783
1597.2,0.18323657311552327
1598.0,0.1682422367735359
1598.8,0.1677005119402658
1599.6,0.17873699831512302
1600,0.1871350123438838
1600.8,0.202744410904019
1601.6,0.2049148472158761
1602.4,0.18630093679194176
1603.2,0.22444898836516763
1604,0.24180140451423032
1604.8,0.804735271741117
1606,1.6904559423032208
1606.8,1.703743015708251
1607.6,1.7149894776401249
1608.4,1.7167732037293832
1609.2,1.711952525542667
1610.0,1.720123161982199
1610.8,1.6896063328314053
1611.6,1.7143040509226266
1612,1.7198590497119932
1613,0.9473871737926063
1613.8,0.9267593514678087
1614.6,0.9357924582025933
1615.4,0.9268934999036287
1616.2,0.9067461591029804
1617.0,0.9391247611767746
1617.8,0.8816925820916185
1618.6,0.9145924586848868
1619.4,0.8861049803559746
1620.2,0.9273176678185476
1621.0,0.9156248479449387
1622,0.9310542305465674
1622.8,0.8991792392086639
1623.6,0.8892841998848409
1624.4,0.8997437469971551
1625.2,0.9332169340183886
1626.0,0.9352633498734758
1627,0.8993074982713398
1627.8,0.9227947692390132
1628.6,0.9044039466594831
1629.4,0.919247318515971
1630.2,0.9323338606088242
1631.0,0.8975303900348168
1631.8,0.9247674784732257
1632.6,0.880594807436694
1633.4,0.9269079773917168
1634.2,0.8792788291721706
1635,0.9368871868428873
1635.8,0.8971156851302027
1636.6,0.8809504140625708
1637.4,0.8773659909097626
1638.2,0.9191638442754774
1639.0,0.887150899683044
1639.8,0.87959650095197
1640.6,0.8791731890941373
1641.4,0.8785021265674705
1642.2,0.8963995935395838
1643.0,0.8937396476787033
1643.8,0.9037530996230493
1644.6,0.9240404486243816
1645.4,0.8997936324214733
1646.2,0.8835848884300909
1647.0,0.8887409787651425
1647.8,0.8982562106908484
1648.6,0.9199488817257128
1649.4,0.9003442115964888
1650,0.9332411834104095
1651,0.579771122250236
1651.8,0.6129131948495915
1652.6,0.5786040110449225
1653.4,0.6259583929638516
1654.2,0.6148197760133512
1655.0,0.6127552190902406
1655.8,0.6017674096177601
1656.6,0.5774477169667831
1657.4,0.5741865719855943
1658.2,0.6027624178006667
1659.0,0.5948406624686392
1660,0.5717447007202334
1660.8,0.6087986213083539
1661.6,0.6004553654007782
1662.4,0.6161466343849686
1663.2,0.6139362890712198
1664.0,0.6293872628346777
1664.8,0.6135320582692337
1665.6,0.5775429290983876
1666.4,0.5743443953770995
1667.2,0.6107456523421857
1668.0,0.5899177165730287
1669,0.587878534274463
1670,0.20248700809112458
1670.8,0.19624412328376656
1671.6,0.2035016352926498
1672.4,0.18502762754235313
1673.2,0.2044288829683084
1674.0,0.2142068060948779
1674.8,0.17435050577315592
1675.6,0.18176679492598807
1676.4,0.19344463408499524
1677.2,0.18830290217857765
1678.0,0.187654861718198
1678.8,0.21600218605966343
1679.6,0.18890367999460322
1680.4,0.2213709924351982
1681.2,0.21619727849763898
1682.0,0.22122207829987783
1682.8,0.1804087913028784
1683.6,0.2143307562278311
1684.4,0.20392685362634222
1685.2,0.22135522110501055
1686.0,0.21369124058497774
1686.8,0.22319425418684175
1687.6,0.18858401432108554
1688.4,0.18962252078951786
1689.2,0.2226457746349096
1690.0,0.19047340718914962
1690.8,0.17597303318227636
1691.6,0.22907021373220937
1692.4,0.18930374494237037
1693.2,0.22642139636527364
1694.0,0.18511198909176962
1694.8,0.19448858852424727
1695.6,0.2140338625841901
1696.4,0.20005332786144564
1697.2,0.23087804932778444
1698.0,0.18549772483408894
1698.8,0.2277341341905158
1699.6,0.2300205370425379
1700,0.16665980165792038
1700.8,0.19507991728878887
1701.6,0.1971694788042902
1702.4,0.1723416833632774
1703.2,0.22869439889042076
1704,0.17348331091585378
1704.8,0.8055212318484725
1706,1.6961585024090506
1706.8,1.6813689458719416
1707.6,1.717103028065722
1708.4,1.6756444959797887
1709.2,1.7149982879383903
1710.0,1.7189832363102024
1710.8,1.6722569936359344
1711.6,1.7202233054602039
1712,1.6537156228931276
1713,0.9217451111951103
1713.8,0.9208172676282277
1714.6,0.919482857610607
1715.4,0.9275474113837066
1716.2,0.8892050323545402
1717.0,0.8830055057391024
1717.8,0.9043142462489592
1718.6,0.9183235675853474
1719.4,0.9125112419600413
1720.2,0.9204497919109851
1721.0,0.908686297046721
1722,0.9059922307379845
1722.8,0.8960470504791406
1723.6,0.9246956511126013
1724.4,0.9037188001442932
1725.2,0.898346761881861
1726.0,0.9012629809231625
1727,0.8851893821468463
1727.8,0.9142625381127646
1728.6,0.9059667927998566
1729.4,0.9066645874130278
1730.2,0.9147082104324923
1731.0,0.881215793738537
1731.8,0.9347769896602403
1732.6,0.9282129945867923
1733.4,0.9205907733187839
1734.2,0.8823691124055859
1735,0.9326705012369336
1735.8,0.8850199458166309
1736.6,0.9047157629391748
1737.4,0.9059690785890012
1738.2,0.8831205241136468
1739.0,0.8977095374126977
1739.8,0.8846690302774298
1740.6,0.8945719107702824
1741.4,0.8727427275157472
1742.2,0.8899694804466933
1743.0,0.9260239242455344
1743.8,0.9175383068560977
1744.6,0.9124637852430201
1745.4,0.9056398683107346
1746.2,0.894774392662898
1747.0,0.9040540946653591
1747.8,0.9110458846305483
1748.6,0.8755095790066174
1749.4,0.9037639275109738
1750,0.8610192045937843
1751,0.5699164744686183
1751.8,0.5979992255461568
1752.6,0.602507832686793
1753.4,0.6209494433996289
1754.2,0.6001513101835666
1755.0,0.6293841176415887
1755.8,0.5691140285740397
1756.6,0.5980985314980347
1757.4,0.6028445896090961
1758.2,0.6251185647122377
1759.0,0.6158094180567565
1760,0.6386155254040099
1760.8,0.6148964908685871
1761.6,0.6244976915264924
1762.4,0.6112468160956137
1763.2,0.5842147138632233
1764.0,0.6228181333805138
1764.8,0.630110738942838
1765.6,0.5994204834810082
1766.4,0.6041584381370466
1767.2,0.5899040187898873
1768.0,0.5740045085267279
1769,0.5918113219263816
1770,0.21798778342674374
1770.8,0.1961573440738889
1771.6,0.21913696462882654
1772.4,0.20325723510708382
1773.2,0.22253258317094204
1774.0,0.22662993407100057
1774.8,0.1899652834597218
1775.6,0.1833978434313182
1776.4,0.19270044111472823
1777.2,0.2269090013759929
1778.0,0.23001139313397306
1778.8,0.1764936243421584
1779.6,0.20211143696910563
1780.4,0.22465597223545447
1781.2,0.21778794032244586
1782.0,0.1833202929790702
1782.8,0.19619283600117676
1783.6,0.18836421044851426
1784.4,0.2088086905171999
1785.2,0.17620252246075735
1786.0,0.22504365266277532
1786.8,0.19885489341429452
1787.6,0.2049630918133462
1788.4,0.22882366045581048
1789.2,0.22805990707724622
1790.0,0.17925164590016013
1790.8,0.20218964725906557
1791.6,0.17320484986731288
1792.4,0.17391613035122352
1793.2,0.18836868708388105
1794.0,0.1895064423470736
1794.8,0.17727621808875724
1795.6,0.22192995032056873
1796.4,0.19818851631985485
1797.2,0.2102250920861926
1798.0,0.17538419915831388
1798.8,0.18798830282984458
1799.6,0.19209121673873908
1800,0.19641879626538428
1800.8,0.1832740255227479
1801.6,0.18583322776007677
1802.4,0.22726937236259648
1803.2,0.1903243057287498
1804,0.1777864182421369
1804.8,0.8060910724906107
1806,1.6837962473164136
1806.8,1.696874309957645
1807.6,1.6843693455956332
1808.4,1.6726537296220714
1809.2,1.671986181187128
1810.0,1.7217123702902837
1810.8,1.7021648226806598
1811.6,1.729240528786607
1812,1.7142606534054543
1813,0.9238353909198354
1813.8,0.9179966909243004
1814.6,0.9176275065540902
1815.4,0.9377586771334573
1816.2,0.9173479566309006
1817.0,0.8961479394825923
1817.8,0.9300424918092084
1818.6,0.8760283348081941
1819.4,0.9255883053513055
1820.2,0.9215280181932923
1821.0,0.9094921370172279
1822,0.8643275228735293
1822.8,0.913022918850332
1823.6,0.9093209056413334
1824.4,0.8871056183413824
1825.2,0.9316396379507464
1826.0,0.8857994413826353
1827,0.9052394474842567
1827.8,0.899487160368438
1828.6,0.933407143640206
1829.4,0.9081029495352859
1830.2,0.9141842828418848
1831.0,0.940652967916389
1831.8,0.9228891473254266
1832.6,0.9301616691227428
1833.4,0.8768283246564026
1834.2,0.9282734493591234
1835,0.8921701476357552
1835.8,0.9086193503915289
1836.6,0.8912454574771227
1837.4,0.9002374021081094
1838.2,0.9148109569368581
1839.0,0.9260048923975254
1839.8,0.9142873545283722
1840.6,0.9284136801722593
1841.4,0.9012399888294795
1842.2,0.8692216861087534
1843.0,0.9062271779000407
1843.8,0.8841062114469411
1844.6,0.8911369348800159
1845.4,0.8788256442966593
1846.2,0.8991137662155202
1847.0,0.9303016558716215
1847.8,0.9147232138573685
1848.6,0.926865237401629
1849.4,0.8723466596666654
1850,0.8756850498057887
1851,0.6009813906983329
1851.8,0.6002858427476201
1852.6,0.6079130739600598
1853.4,0.6268058192218413
1854.2,0.6043020874556303
1855.0,0.5744068585162362
1855.8,0.5822183010079015
1856.6,0.5886901582412287
1857.4,0.6171718095705996
1858.2,0.6085085594661053
1859.0,0.6270412640996074
1860,0.556570808642061
1860.8,0.594849552464126
1861.6,0.6186266138901002
1862.4,0.5846294785430483
1863.2,0.6082462016025315
1864.0,0.6286984161557508
1864.8,0.5894255757011819
1865.6,0.5987457158881292
1866.4,0.5733199127011093
1867.2,0.5682435293548413
1868.0,0.5745820244909187
1869,0.5581155160635973
1870,0.22057878658344904
1870.8,0.21517388767724932
1871.6,0.20196824201457825
1872.4,0.18106580994232102
1873.2,0.2029136048236731
1874.0,0.21277147821862696
1874.8,0.22056133165066863
1875.6,0.20714250924819202
1876.4,0.20760681491780628
1877.2,0.17874272760375431
1878.0,0.17082403124080425
1878.8,0.20443190229617514
1879.6,0.20221084525978295
1880.4,0.22894931968268356
1881.2,0.2242518988287196
1882.0,0.19098742439388108
1882.8,0.2177520938045009
1883.6,0.22526258029170143
1884.4,0.21868759132089022
1885.2,0.18626060675023431
1886.0,0.19061908162648594
1886.8,0.20433900641670105
1887.6,0.17443200111885732
1888.4,0.1819469113633264
1889.2,0.19222668931724507
1890.0,0.23063259799064345
1890.8,0.18239590500244351
1891.6,0.1678051661624756
1892.4,0.1954674305458216
1893.2,0.21859590995636793
1894.0,0.19410636495481265
1894.8,0.17377508843116718
1895.6,0.1906430382346831
1896.4,0.18850894391984196
1897.2,0.20897519887313704
1898.0,0.2009625024877159
1898.8,0.17608917738324015
1899.6,0.22060295643289834
1900,0.22666603782437383
1900.8,0.19169846162220394
1901.6,0.1951193053678399
1902.4,0.17688555625809246
1903.2,0.20083586281729893
1904,0.20153100452039102
1904.8,0.8054503951795016
1906,1.709876771958258
1906.8,1.708021311857536
1907.6,1.7021946390081604
1908.4,1.7278188156915182
1909.2,1.7225031263874087
1910.0,1.7026484730810223
1910.8,1.7233195547358384
1911.6,1.6897623306877243
1912,1.7440178467074907
1913,0.9468298944318059
1913.8,0.9037877731652972
1914.6,0.9333175864008839
1915.4,0.8898746176406798
1916.2,0.8983494421866225
1917.0,0.8843901373075271
1917.8,0.8902588252089225
1918.6,0.932260774796362
1919.4,0.8984160552583446
1920.2,0.8861626411897698
1921.0,0.9033845164475802
1922,0.9004579339617893
1922.8,0.8982797598533179
1923.6,0.9049438044391355
1924.4,0.9209705558191708
1925.2,0.9127064133764783
1926.0,0.9345023030072788
1927,0.9180856589477726
1927.8,0.9096798273621062
1928.6,0.9378976794325548
1929.4,0.9018866994295525
1930.2,0.9352664792465842
1931.0,0.902994878747784
1931.8,0.9137329357528271
1932.6,0.9320249012212177
1933.4,0.8939822101107022
1934.2,0.9042645106784071
1935,0.8919756572027688
1935.8,0.8860140396568609
1936.6,0.9078598611546352
1937.4,0.8776137641924615
1938.2,0.9282804427433153
1939.0,0.8825535111246506
1939.8,0.9009652644194766
1940.6,0.8896355906792841
1941.4,0.9111031423732964
1942.2,0.8746896634033925
1943.0,0.8815385505313067
1943.8,0.926096693677248
1944.6,0.9024878462522992
1945.4,0.9162777302611103
1946.2,0.90667335383975
1947.0,0.879143443989224
1947.8,0.8778736045157135
1948.6,0.8926668936091245
1949.4,0.9163801447058274
1950,0.9275517411108137
1951,0.5837660473695288
1951.8,0.5948259531094582
1952.6,0.6100622339018877
1953.4,0.6241208649905933
1954.2,0.5700812133910486
1955.0,0.5867289745962873
1955.8,0.5710142510764038
1956.6,0.6132010841791824
1957.4,0.6167061260867621
1958.2,0.615050219892858
1959.0,0.5687196376900149
1960,0.5595121109871165
1960.8,0.6105446398882951
1961.6,0.5926515181045877
1962.4,0.5775185705238826
1963.2,0.5899060175064772
1964.0,0.617183596213465
1964.8,0.6090807627494993
1965.6,0.6283612878462395
1966.4,0.5965652204378467
1967.2,0.6118619811121891
1968.0,0.6102515046564053
1969,0.5757449833366434
1970,0.17807602065911077
1970.8,0.1976376921685652
1971.6,0.18309630202133875
1972.4,0.17187093916351792
1973.2,0.1881249721006369
1974.0,0.1870130944064533
1974.8,0.18868708431808862
1975.6,0.21636311234867903
1976.4,0.1983387600515486
1977.2,0.19118975384070452
1978.0,0.21512921570123927
1978.8,0.186729097744183
1979.6,0.20937668030543977
1980.4,0.1977660232216159
1981.2,0.2002790204618627
1982.0,0.22990485813908468
1982.8,0.19359726859435455
1983.6,0.180502924501384
1984.4,0.20359352708620454
1985.2,0.17650511946502645
1986.0,0.1941977883464644
1986.8,0.18217608987363404
1987.6,0.1785412999936194
1988.4,0.21535789228086308
1989.2,0.21487622671881484
1990.0,0.20753498876953674
1990.8,0.2269986220217387
1991.6,0.2133523587645193
1992.4,0.2105841904493871
1993.2,0.19811816233952365
1994.0,0.22375744768441053
1994.8,0.22679906338072475
1995.6,0.22910622326238655
1996.4,0.22703652174556255
1997.2,0.20163849055607702
1998.0,0.17824885513596211
1998.8,0.1788206679361875
1999.6,0.20792366947559726
2000,0.1777040214748518
2000.8,0.21543150813983047
2001.6,0.18088823848564822
2002.4,0.2079035161737765
2003.2,0.2132349841637194
2004,0.224861046765514
2004.8,0.8065628985508969
2006,1.7041755545387747
2006.8,1.6955329469140776
2007.6,1.7053386948963978
2008.4,1.688916454873142
2009.2,1.6756642816961693
2010.0,1.6993542684775005
2010.8,1.6838775385428524
2011.6,1.6895644231385192
2012,1.7378734289775148
2013,0.9161569959802367
2013.8,0.9321728280352359
2014.6,0.9113240871154825
2015.4,0.9231350649040417
2016.2,0.9201429768228652
2017.0,0.8861497306632673
2017.8,0.9143225205511079
2018.6,0.8918788590608794
2019.4,0.9051380701963876
2020.2,0.898866637226085
2021.0,0.9099323842141218
2022,0.9450260655924674
2022.8,0.8874636898599083
2023.6,0.9269691284612426
2024.4,0.8990876632695284
2025.2,0.8938331028527832
2026.0,0.9177208858530036
2027,0.888296560151471
2027.8,0.9288864112778968
2028.6,0.9155337663197605
2029.4,0.8996818942168155
2030.2,0.8996238327703922
2031.0,0.9069808501932999
2031.8,0.909720286297781
2032.6,0.8810210467673991
2033.4,0.9212791207540343
2034.2,0.92739241889866
2035,0.8961496624653386
2035.8,0.895668499044725
2036.6,0.8919696987313543
2037.4,0.8947394131866262
2038.2,0.8727792551313449
2039.0,0.8979918345059056
2039.8,0.9246909951867944
2040.6,0.9272831678098747
2041.4,0.9023606916463205
2042.2,0.8974876497390794
2043.0,0.9179509082597513
2043.8,0.9184724893152437
2044.6,0.9041954198662617
2045.4,0.896829985169098
2046.2,0.8809873016857336
2047.0,0.9095359324410248
2047.8,0.9032303316192116
2048.6,0.899590065584864
2049.4,0.8726224991913534
2050,0.8562514525238932
2051,0.6065624510143331
2051.8,0.6026675467760245
2052.6,0.6239090853822822
2053.4,0.5844229103511747
2054.2,0.6102630198028209
2055.0,0.6110677881360189
2055.8,0.5690808479566373
2056.6,0.6046006332482303
2057.4,0.5689310659789806
2058.2,0.6290396291245461
2059.0,0.6293502372867312
2060,0.5682975600756115
2060.8,0.5952621125701458
2061.6,0.6228081004508189
2062.4,0.6035053259640172
2063.2,0.5812013220458914
2064.0,0.58913290462561
2064.8,0.5788502919557661
2065.6,0.5721931987154314
2066.4,0.6257171691993847
2067.2,0.6306381515226688
2068.0,0.5679997819508408
2069,0.6463501380686125
2070,0.17652650448463547
2070.8,0.18115001288577764
2071.6,0.18726449625218616
2072.4,0.18484809769466914
2073.2,0.18439190576685793
2074.0,0.16998072102168232
2074.8,0.21023771459682736
2075.6,0.1829051288688915
2076.4,0.1955845340329578
2077.2,0.20135728070989967
2078.0,0.22662599819516177
2078.8,0.22552452537018325
2079.6,0.22363254210885045
2080.4,0.21500307592797346
2081.2,0.1889441196787674
2082.0,0.22611169482771054
2082.8,0.19021221559804768
2083.6,0.21643083180814743
2084.4,0.21191622884406652
2085.2,0.1694799772014125
2086.0,0.17849730774896633
2086.8,0.22771476290538972
2087.6,0.17911977304398263
2088.4,0.175621520071932
2089.2,0.1971189159221669
2090.0,0.2216757486469178
2090.8,0.21277166345196302
2091.6,0.20771134143249925
2092.4,0.22359263493495002
2093.2,0.20233627641666385
2094.0,0.21836054935443291
2094.8,0.17791680059659065
2095.6,0.1709040109659208
2096.4,0.1747345625230517
2097.2,0.20242065991177377
2098.0,0.21193543816901117
2098.8,0.21936679578197876
2099.6,0.21804047256239845
2100,0.22209491311840887
2100.8,0.18492390639348005
2101.6,0.21923692193532057
2102.4,0.18381412346710888
2103.2,0.1777432820616041
2104,0.19135364576365266
2104.8,0.8040043817864273
2106,1.6813724108194863
2106.8,1.7105329142634762
2107.6,1.6779819084530216
2108.4,1.687624883262386
2109.2,1.6882217492493239
2110.0,1.7178215879056804
2110.8,1.671558999391294
2111.6,1.6715141458191534
2112,1.710186854948032
2113,0.9169012966471657
2113.8,0.9254229676836745
2114.6,0.918564169863114
2115.4,0.9216089795962981
2116.2,0.8995511858273307
2117.0,0.8930792277416837
2117.8,0.8840129740037542
2118.6,0.90240798068301
2119.4,0.9005802171494895
2120.2,0.930347109592768
2121.0,0.8876779175816629
2122,0.8850747475832735
2122.8,0.8910124296553656
2123.6,0.9004520024369519
2124.4,0.8817830347783611
2125.2,0.9301197206756935
2126.0,0.891633533857374
2127,0.9475735604158608
2127.8,0.9187336675028344
2128.6,0.9128141867271095
2129.4,0.9231144988435128
2130.2,0.8986593175247247
2131.0,0.880330501062869
2131.8,0.9185448716992967
2132.6,0.9158452079288651
2133.4,0.8900960818938296
2134.2,0.8884526971999517
2135,0.9166738093762764
2135.8,0.9057507287299967
2136.6,0.911556036615954
2137.4,0.8876704793888356
2138.2,0.9284313949505948
2139.0,0.8803612639349282
2139.8,0.9288923687804994
2140.6,0.878239169190046
2141.4,0.9002811178110978
2142.2,0.9043880663843866
2143.0,0.8823097132300701
2143.8,0.8759963175180723
2144.6,0.8903411176744094
2145.4,0.8998387798102845
2146.2,0.9039327606360736
2147.0,0.906066769957491
2147.8,0.889248723144644
2148.6,0.8807351426697778
2149.4,0.9019050038475728
2150,0.8705792121975184
2151,0.5698270283260266
2151.8,0.5960047782944307
2152.6,0.6140503701106909
2153.4,0.6254324943103428
2154.2,0.5899801495039941
2155.0,0.6101757984374484
2155.8,0.5753402374753123
2156.6,0.5774706482397718
2157.4,0.600795767343224
2158.2,0.6035232828837297
2159.0,0.6033988054362702
2160,0.5571183631056645
2160.8,0.5873190865895642
2161.6,0.5934208988596751
2162.4,0.6003543713666813
2163.2,0.5798503537456267
2164.0,0.6254944155067947
2164.8,0.6147291717115421
2165.6,0.6278637105808416
2166.4,0.6052843170297099
2167.2,0.5716479423839342
2168.0,0.6175067503998424
2169,0.5965614122724247
2170,0.19842831929948562
2170.8,0.20059998758681888
2171.6,0.20742999721940908
2172.4,0.1991804044961043
2173.2,0.17885220057274892
2174.0,0.20840382962811038
2174.8,0.21195996405280532
2175.6,0.17029840596447907
2176.4,0.2159921872907562
2177.2,0.20237790892503432
2178.0,0.21121405485044675
2178.8,0.16885712185602653
2179.6,0.21751003691528625
2180.4,0.20915819032077465
2181.2,0.18550591778721615
2182.0,0.1931341980965376
2182.8,0.17691886653242136
2183.6,0.2070084994374452
2184.4,0.18918449522377195
2185.2,0.21452381649168772
2186.0,0.17472988360596733
2186.8,0.19936178551076678
2187.6,0.17209757022997818
2188.4,0.19016628035249844
2189.2,0.16924846253406295
2190.0,0.2165829235021221
2190.8,0.17597681332015855
2191.6,0.2188030206254798
2192.4,0.18268159622059554
2193.2,0.22807787503912313
2194.0,0.18214637148729307
2194.8,0.1860442915615606
2195.6,0.18284476414005904
2196.4,0.17676529405393665
2197.2,0.17364679585901205
2198.0,0.17316136887029465
2198.8,0.20266270974278006
2199.6,0.20391025156447384
2200,0.2230929296147579
2200.8,0.18411541819012117
2201.6,0.18273499418367378
2202.4,0.22283331182584962
2203.2,0.1940010811618496
2204,0.20250444055596697
2204.8,0.793617808303631
2206,1.7113663369405094
2206.8,1.682696735047366
2207.6,1.7023177457322107
2208.4,1.7147532262443679
2209.2,1.6827959864991617
2210.0,1.6841247577339864
2210.8,1.7044486648876165
2211.6,1.710610876639159
2212,1.6925956096355796
2213,0.8960622305833986
2213.8,0.9003011225950115
2214.6,0.8938499806225885
2215.4,0.9325645806512205
2216.2,0.8934380859697977
2217.0,0.8832550116068828
2217.8,0.9143317881280923
2218.6,0.8993108247237367
2219.4,0.9054049553829129
2220.2,0.9085201144467139
2221.0,0.8806607438397531
2222,0.9241521900196521
2222.8,0.8855534655637101
2223.6,0.9065107833250479
2224.4,0.9365692173829445
2225.2,0.9106799318965204
2226.0,0.8892722091693592
2227,0.9275380914708681
2227.8,0.9252973551546857
2228.6,0.9266324921060266
2229.4,0.9423742430657956
2230.2,0.9060680347557567
2231.0,0.8913054007379448
2231.8,0.9303071690450523
2232.6,0.9239955142664927
2233.4,0.9204532012096824
2234.2,0.9144477321423531
2235,0.8633110195128287
2235.8,0.9066618861389026
2236.6,0.8972360355924328
2237.4,0.8949661486547622
2238.2,0.9192738769865212
2239.0,0.9301539732417811
2239.8,0.8788760982856821
2240.6,0.9024222833960152
2241.4,0.8989769198098383
2242.2,0.8959843813622702
2243.0,0.8961134611959389
2243.8,0.8900465480361368
2244.6,0.8810994673392857
2245.4,0.9295705393837669
2246.2,0.8866660030699923
2247.0,0.9292711889773189
2247.8,0.9163138590819396
2248.6,0.8899929355871923
2249.4,0.9227189735587262
2250,0.8590865091153669
2251,0.5794505188590013
2251.8,0.6127985540453355
2252.6,0.5912561829902518
2253.4,0.5859681925243848
2254.2,0.5701153369495741
2255.0,0.6296541113982963
2255.8,0.6157506362760595
2256.6,0.6124888495175268
2257.4,0.5897913261387125
2258.2,0.5823375254079242
2259.0,0.6266117646851346
2260,0.596837460499457
2260.8,0.6160332966284475
2261.6,0.6074023155567952
2262.4,0.6015461212939713
2263.2,0.6238990205285673
2264.0,0.6279496228640938
2264.8,0.5948064535637496
2265.6,0.5893119669608116
2266.4,0.5688560701585459
2267.2,0.6174331395598921
2268.0,0.596512476135215
2269,0.5890580064353802
2270,0.18039285892809243
2270.8,0.1942073019868672
2271.6,0.1965288836364671
2272.4,0.19168390582569028
2273.2,0.21172402435640963
2274.0,0.22136353955453458
2274.8,0.21053860211172676
2275.6,0.22629920862381014
2276.4,0.2184615790311923
2277.2,0.2200440820763948
2278.0,0.1829701289026357
2278.8,0.203864349605602
2279.6,0.2076279229715084
2280.4,0.20692397929028689
2281.2,0.19125543323186064
2282.0,0.19686409341731564
2282.8,0.17156039082073632
2283.6,0.17606912091752724
2284.4,0.19928037168980106
2285.2,0.19780011341035492
2286.0,0.2201352814895976
2286.8,0.20188328724362817
2287.6,0.21099397465656688
2288.4,0.187650778417357
2289.2,0.17151156363322767
2290.0,0.18210254756614186
2290.8,0.18213556710827605
2291.6,0.1688033212678942
2292.4,0.22623211019037737
2293.2,0.19607439545635663
2294.0,0.17634419110776733
2294.8,0.1914145211109815
2295.6,0.2034777854420342
2296.4,0.170123515503814
2297.2,0.22483893480406458
2298.0,0.22180807107214767
2298.8,0.22790989100190612
2299.6,0.18444575176617123
2300,0.18754223746707605
2300.8,0.21272561514289215
2301.6,0.22200382171000974
2302.4,0.21303093027170297
2303.2,0.19512219085329482
2304,0.17957577221245646
2304.8,0.8035177612647593
2306,1.6868181246754244
2306.8,1.6975929925906204
2307.6,1.7174026327620266
2308.4,1.6897183952425086
2309.2,1.6727972757278384
2310.0,1.6996513819092602
2310.8,1.692348059950158
2311.6,1.6956925165485806
2312,1.6793797431711992
2313,0.9149608523692716
2313.8,0.9335312398995639
2314.6,0.8990803798322466
2315.4,0.9128995191051753
2316.2,0.9121645210148427
2317.0,0.9387400154318293
2317.8,0.8944738350369684
2318.6,0.9205391432930843
2319.4,0.8993132886470501
2320.2,0.9134946137912104
2321.0,0.9153011622737794
2322,0.8746311068144438
2322.8,0.8962693309535702
2323.6,0.8864760228600644
2324.4,0.8940441763339241
2325.2,0.885547386133994
2326.0,0.9351861942010107
2327,0.8742876795144123
2327.8,0.9101452943650521
2328.6,0.8916309332569688
2329.4,0.9398717613975703
2330.2,0.8971735756544111
2331.0,0.9091001294674986
2331.8,0.9345838112928727
2332.6,0.9294931047102697
2333.4,0.9201994994196221
2334.2,0.9085175564749123
2335,0.8990454854611776
2335.8,0.9171701824286147
2336.6,0.9168221969150662
2337.4,0.8954596990916955
2338.2,0.9213173361747872
2339.0,0.889403740894081
2339.8,0.9206058549903455
2340.6,0.9081740313672797
2341.4,0.8965446780462822
2342.2,0.9071483685153201
2343.0,0.9044983113509716
2343.8,0.8913139046728715
2344.6,0.9298910213220094
2345.4,0.8723235035079557
2346.2,0.8930242009198924
2347.0,0.9082486801008568
2347.8,0.8955562585616901
2348.6,0.8867171620284194
2349.4,0.9006803631487367
2350,0.9115338063119096
2351,0.5919408154608032
2351.8,0.601021282682997
2352.6,0.5762860419761267
2353.4,0.5975843247656839
2354.2,0.6049248165166741
2355.0,0.6246376540144017
2355.8,0.6180085808275464
2356.6,0.5993671098651707
2357.4,0.5877710088484087
2358.2,0.6244680407880826
2359.0,0.6179421635073858
2360,0.6396170078425643
2360.8,0.6038000538450689
2361.6,0.6162507158998181
2362.4,0.5810634408562179
2363.2,0.6014637623722395
2364.0,0.612871043480796
2364.8,0.6110910829722198
2365.6,0.6206698095146622
2366.4,0.6017813797938645
2367.2,0.6066827237527294
2368.0,0.576046296155106
2369,0.569523250676852
2370,0.17337487237145366
2370.8,0.18820413567423444
2371.6,0.18669403289687775
2372.4,0.1866542690172459
2373.2,0.2242375216939725
2374.0,0.20509988764862605
2374.8,0.19939567406750858
2375.6,0.22680976302853434
2376.4,0.22040611679762634
2377.2,0.22477297614709896
2378.0,0.206752221467085
2378.8,0.20022785580048813
2379.6,0.19320756727601213
2380.4,0.19417224042525733
2381.2,0.19500856994890847
2382.0,0.20998285184367105
2382.8,0.2296903336479455
2383.6,0.20029132795565707
2384.4,0.18648483458884002
2385.2,0.21630899578881263
2386.0,0.19444051593931666
2386.8,0.21798284125543438
2387.6,0.17029836483251082
2388.4,0.2182983007672876
2389.2,0.17574721737747806
2390.0,0.21034838763815789
2390.8,0.22713744873336073
2391.6,0.22481589665110974
2392.4,0.19524664994160335
2393.2,0.21329256813737932
2394.0,0.17236573853731968
2394.8,0.18565214343990427
2395.6,0.1806917096945183
2396.4,0.177921623519331
2397.2,0.21057835220300375
2398.0,0.18678316243986112
2398.8,0.17344170809408416
2399.6,0.21437281747516782
2400,0.21851040557443097
2400.8,0.21726500753660544
2401.6,0.22048713956980584
2402.4,0.21481737932615114
2403.2,0.18256082683943542
2404,0.22082951605339546
2404.8,0.7982439654027242
2406,1.684159883825305
2406.8,1.7149572691986352
2407.6,1.691759632200845
2408.4,1.6946782095681805
2409.2,1.7037554454230461
2410.0,1.669153954269775
2410.8,1.7115714514395917
2411.6,1.684014279772997
2412,1.7249850461904546
2413,0.9284700304463683
2413.8,0.9062088731074918
2414.6,0.9028828564629406
2415.4,0.9047645845017738
2416.2,0.9351279584517492
2417.0,0.9152473039760537
2417.8,0.8823042088177472
2418.6,0.8841804592158524
2419.4,0.9124559157664185
2420.2,0.8760339288372422
2421.0,0.9167890301822222
2422,0.9382929608569731
2422.8,0.9022743042268444
2423.6,0.9023698026467925
2424.4,0.900157856253915
2425.2,0.8842230349283029
2426.0,0.8951836419793845
2427,0.9334769050677565
2427.8,0.9006072588033914
2428.6,0.9142301534355696
2429.4,0.8877733787691867
2430.2,0.9053768285488992
2431.0,0.8875125524931264
2431.8,0.892724794890951
2432.6,0.9181313458638402
2433.4,0.8755317598468744
2434.2,0.9000646622874932
2435,0.8818107255638604
2435.8,0.9015367753460874
2436.6,0.9070288318267868
2437.4,0.9052855545353065
2438.2,0.898592570177729
2439.0,0.9234217292625952
2439.8,0.9268884734969364
2440.6,0.8761184729796018
2441.4,0.9014408287329186
2442.2,0.9283301457504478
2443.0,0.881803325522446
2443.8,0.9051945138053228
2444.6,0.9163610701767787
2445.4,0.9066693513655169
2446.2,0.8998961135328182
2447.0,0.9112074211687787
2447.8,0.8828531074597118
2448.6,0.9167449241842811
2449.4,0.8846637602704889
2450,0.931774427047256
2451,0.6266252754006084
2451.8,0.5853792603776574
2452.6,0.615502147942225
2453.4,0.6030210906427755
2454.2,0.5838987888656245
2455.0,0.6211304598738336
2455.8,0.6288874623684302
2456.6,0.6136106110350944
2457.4,0.584624359101587
2458.2,0.6065674412322738
2459.0,0.5821906100705617
2460,0.6256215104125218
2460.8,0.6131526993158086
2461.6,0.5912736014094886
2462.4,0.57403928723975
2463.2,0.5777718044249768
2464.0,0.6208273271855667
2464.8,0.6273910388516764
2465.6,0.5889213259390763
2466.4,0.5811284798031773
2467.2,0.5690653451655774
2468.0,0.572155226327557
2469,0.5782809143841943
2470,0.17783023231204906
2470.8,0.19397223122612392
2471.6,0.21920385763362982
2472.4,0.22505454404105063
2473.2,0.22266762692945374
2474.0,0.17549695764606743
2474.8,0.19526309984179302
2475.6,0.1711254956993264
2476.4,0.1726865817656788
2477.2,0.18588543971657395
2478.0,0.21216637824882018
2478.8,0.18614964602695272
2479.6,0.1961811701083081
2480.4,0.19412919682273308
2481.2,0.2130505182519966
2482.0,0.17462972191144505
2482.8,0.16957870717976486
2483.6,0.191090452346585
2484.4,0.17631799005177706
2485.2,0.20363403088760984
2486.0,0.1709373038770297
2486.8,0.2054824452185265
2487.6,0.19596007696424914
2488.4,0.21315060916805229
2489.2,0.20406795610729384
2490.0,0.1918480556899797
2490.8,0.20763368217375655
2491.6,0.2001199413014615
2492.4,0.23056497103780577
2493.2,0.20647200899679008
2494.0,0.18466284384685944
2494.8,0.20747842663592408
2495.6,0.22116253967032956
2496.4,0.22433018417305223
2497.2,0.19933475299352943
2498.0,0.21674786754058994
2498.8,0.2133366431368708
2499.6,0.18542210465392678
2500,0.23557027906426836
2500.8,0.2042777288306304
2501.6,0.21849536362229405
2502.4,0.2248188824113872
2503.2,0.20544428542291981
2504,0.1822536634779502
2504.8,0.8012037771619934
2506,1.7095088726726029
2506.8,1.686240504238678
2507.6,1.7147410642391951
2508.4,1.7112221344859169
2509.2,1.6834664870626372
2510.0,1.705672090634298
2510.8,1.7232099105967171
2511.6,1.688166566220076
2512,1.740100628057078
2513,0.9062498715235164
2513.8,0.9112897384464057
2514.6,0.9113888241504298
2515.4,0.9180639845962731
2516.2,0.9421206198639162
2517.0,0.909175883464094
2517.8,0.9232712576472927
2518.6,0.9348287478400038
2519.4,0.9215177909155695
2520.2,0.8987086880784234
2521.0,0.8731350887700005
2522,0.8962123694535307
2522.8,0.8899027526792074
2523.6,0.922769008359958
2524.4,0.9236447681792765
2525.2,0.926957031151618
2526.0,0.9280988645512329
2527,0.913969174222474
2527.8,0.8989786908742704
2528.6,0.9291323944621114
2529.4,0.9170363869135104
2530.2,0.9098683789825026
2531.0,0.9116733129524854
2531.8,0.8902933898297267
2532.6,0.9047663557507082
2533.4,0.8952252229124733
2534.2,0.9324171382862058
2535,0.8688305924297035
2535.8,0.8962859119931165
2536.6,0.893493081428127
2537.4,0.879500767253471
2538.2,0.892069956418357
2539.0,0.8851069358403372
2539.8,0.9201452006848778
2540.6,0.8745863806263952
2541.4,0.8928654914857772
2542.2,0.9241184855508592
2543.0,0.8868691723065866
2543.8,0.9072411296571357
2544.6,0.8856120377147175
2545.4,0.8983521608472085
2546.2,0.9249268917583731
2547.0,0.8900785971301924
2547.8,0.8826641215321308
2548.6,0.9292345908090399
2549.4,0.8951302520244392
2550,0.8923081529846447
2551,0.5976183423258241
2551.8,0.5824989164485015
2552.6,0.6120213670472735
2553.4,0.5854660366683122
2554.2,0.5850557489188927
2555.0,0.5825551622066354
2555.8,0.6030611546008589
2556.6,0.6002597084415998
2557.4,0.6156750253470481
2558.2,0.5718562490484244
2559.0,0.5830669336260779
2560,0.5877895395820408
2560.8,0.5940023922991244
2561.6,0.6151178107640108
2562.4,0.6263487383508548
2563.2,0.5967340586584401
2564.0,0.6050808124374639
2564.8,0.6116157368342289
2565.6,0.5680519616944288
2566.4,0.5808882814391291
2567.2,0.5780651202807482
2568.0,0.6107318765201665
2569,0.604062634534041
2570,0.18865446720076956
2570.8,0.20616029909238215
2571.6,0.21324695870122967
2572.4,0.2188756106114268
2573.2,0.1876686840013576
2574.0,0.1973711270612083
2574.8,0.18457359564351122
2575.6,0.20406063885817466
2576.4,0.19623980384658785
2577.2,0.1943776090824836
2578.0,0.19496958163949918
2578.8,0.22095950774357903
2579.6,0.22079052375431146
2580.4,0.21416148517401135
2581.2,0.2111056021235131
2582.0,0.21959005189992198
2582.8,0.22770334572428735
2583.6,0.18646405812081399
2584.4,0.17733731340341885
2585.2,0.21656740652248158
2586.0,0.18058962221385774
2586.8,0.18864293527659576
2587.6,0.1806082429930337
2588.4,0.16782372283637892
2589.2,0.22212528544622068
2590.0,0.16827737259717435
2590.8,0.19495925060313993
2591.6,0.22565283917482248
2592.4,0.21467671636306868
2593.2,0.1739520975325871
2594.0,0.18004294467081927
2594.8,0.21750282011318553
2595.6,0.20629478981142102
2596.4,0.2288262227716628
2597.2,0.18337740137041453
2598.0,0.20966157358493676
2598.8,0.17567826796525177
2599.6,0.19079301092201775
2600,0.20096977474473088
2600.8,0.20649865701894732
2601.6,0.20268833725235907
2602.4,0.19144376871824392
2603.2,0.22718765588993084
2604,0.18842232289000488
2604.8,0.8066521321914548
2606,1.7110172805483335
2606.8,1.7000478858180768
2607.6,1.6776762266623135
2608.4,1.7188890797148209
2609.2,1.6958079811441702
2610.0,1.6860729815351656
2610.8,1.6822172565794327
2611.6,1.7058205101112316
2612,1.7193764598042323
2613,0.9150059817660422
2613.8,0.9213589081234681
2614.6,0.9378604670465311
2615.4,0.9310421389616516
2616.2,0.9037081164930684
2617.0,0.9121052494334233
2617.8,0.8855411499022874
2618.6,0.8765686892803679
2619.4,0.913452868457731
2620.2,0.9028581975375306
2621.0,0.9039962645257953
2622,0.8811168804352594
2622.8,0.9211181033055545
2623.6,0.8865312559432283
2624.4,0.9002951609902385
2625.2,0.8956422869288377
2626.0,0.900916209843008
2627,0.9209045390023305
2627.8,0.9336707794166518
2628.6,0.8978077368795571
2629.4,0.9229270496453509
2630.2,0.9296962791352437
2631.0,0.9274600461415627
2631.8,0.9278881528637681
2632.6,0.8988301428262492
2633.4,0.9312128702243943
2634.2,0.8946044224563459
2635,0.923507604002859
2635.8,0.8990984589731621
2636.6,0.9008902804176618
2637.4,0.8753683873115019
2638.2,0.8852488824625908
2639.0,0.9185799684748652
2639.8,0.8786043771821245
2640.6,0.8986672832349103
2641.4,0.9043990184543887
2642.2,0.8802972215128599
2643.0,0.908167669518341
2643.8,0.8850334646625468
2644.6,0.922842957271258
2645.4,0.876145274309313
2646.2,0.9050369063608715
2647.0,0.9028480726269807
2647.8,0.8970133138482043
2648.6,0.8737826159411103
2649.4,0.9253700554079212
2650,0.8966758244308436
2651,0.591395051940319
2651.8,0.6045608243571862
2652.6,0.6175931374644236
2653.4,0.573264729671562
2654.2,0.6282622967873522
2655.0,0.5684681649221924
2655.8,0.6078785735125002
2656.6,0.6072232373285653
2657.4,0.6166770591107166
2658.2,0.6145951135864332
2659.0,0.6112307712388838
2660,0.6082665263078953
2660.8,0.6138341454382996
2661.6,0.5851904073421287
2662.4,0.6060399813876292
2663.2,0.6268476628556303
2664.0,0.6190002228533187
2664.8,0.5942123456184633
2665.6,0.5788632648405916
2666.4,0.607577435637659
2667.2,0.6042251025979036
2668.0,0.617961570282345
2669,0.6416199004693849
2670,0.1976279294738601
2670.8,0.21813129508401544
2671.6,0.21849310562754973
2672.4,0.19170548612322114
2673.2,0.2277311615842143
2674.0,0.22001800059151927
2674.8,0.22163061100724168
2675.6,0.21869910900900802
2676.4,0.21143113586369197
2677.2,0.22401816637858216
2678.0,0.20287575304952465
2678.8,0.18529274303568527
2679.6,0.17588153894249137
2680.4,0.1967868527460911
2681.2,0.18694980116321697
2682.0,0.20737497751496914
2682.8,0.2181653084349311
2683.6,0.22208921565471657
2684.4,0.22681779148890124
2685.2,0.20472860424242725
2686.0,0.17452346428036478
2686.8,0.22766416664616446
2687.6,0.21993371063137163
2688.4,0.2140141945412708
2689.2,0.17340068946001164
2690.0,0.21468487765461935
2690.8,0.21517866219817844
2691.6,0.20281959462848453
2692.4,0.18398444338214798
2693.2,0.20834533664016025
2694.0,0.1802169644800869
2694.8,0.18764145879436553
2695.6,0.1829748894480438
2696.4,0.20780721301295926
2697.2,0.18918691615251024
2698.0,0.21026814544651495
2698.8,0.19625243375240042
2699.6,0.2151853656522295
2700,0.23435425800350718
2700.8,0.18531059807644545
2701.6,0.19260240213755578
2702.4,0.1732660637177222
2703.2,0.2118047368526315
2704,0.21620338495195884
2704.8,0.8034376497424763
2706,1.7050135926374124
2706.8,1.7108301157171124
2707.6,1.7049031642082246
2708.4,1.71366599824652
2709.2,1.7042822405494136
2710.0,1.6968561729633362
2710.8,1.723618599423601
2711.6,1.6968945646043136
2712,1.711652643517798
2713,0.9056926425207508
2713.8,0.9365893086965312
2714.6,0.9147904165920195
2715.4,0.9221400264610549
2716.2,0.9401630599134746
2717.0,0.9361012296029698
2717.8,0.917895718743445
2718.6,0.8851983293668138
2719.4,0.8982466174635929
2720.2,0.9108509739635747
2721.0,0.8915854701362529
2722,0.8920673481902531
2722.8,0.8919595390335183
2723.6,0.9288770158117199
2724.4,0.8953875202576619
2725.2,0.9288656265109753
2726.0,0.9147470191608378
2727,0.8969018974156071
2727.8,0.9144183416238502
2728.6,0.9205072620976555
2729.4,0.9128733925501887
2730.2,0.9021466373469752
2731.0,0.8947644757341848
2731.8,0.9192531379821264
2732.6,0.9012500422301425
2733.4,0.8876162485068417
2734.2,0.9043188181740971
2735,0.8975226149702024
2735.8,0.8840792218236907
2736.6,0.878371166950747
2737.4,0.8829910322995552
2738.2,0.9239541759368389
2739.0,0.8917615493980428
2739.8,0.8882353153402934
2740.6,0.9056082402258439
2741.4,0.8761268277095959
2742.2,0.9220749817187772
2743.0,0.9050419978396307
2743.8,0.8800419417015387
2744.6,0.8706666607952629
2745.4,0.8805966637013045
2746.2,0.9058152764888086
2747.0,0.9110955447674067
2747.8,0.8806519813381899
2748.6,0.914612832967894
2749.4,0.8967757432564717
2750,0.8688184366857719
2751,0.6258720762439134
2751.8,0.5939241681526983
2752.6,0.6115875111166619
2753.4,0.6082460143337886
2754.2,0.6147841663839444
2755.0,0.6057733297869718
2755.8,0.5982352740310946
2756.6,0.6230180831028196
2757.4,0.6153670608862571
2758.2,0.6271381711407786
2759.0,0.5818818638389893
2760,0.5574696279408489
2760.8,0.5980989036397689
2761.6,0.6004542629148436
2762.4,0.6219596331692752
2763.2,0.5865433629171396
2764.0,0.6300054835954091
2764.8,0.6201535646498543
2765.6,0.5812353235582133
2766.4,0.6026015573290554
2767.2,0.5865108522254897
2768.0,0.6265607286407865
2769,0.5811467056725091
2770,0.16531991577008281
2770.8,0.19580946403509403
2771.6,0.2101922061075749
2772.4,0.17392402827807543
2773.2,0.21924721896609856
2774.0,0.2174109691949762
2774.8,0.2304969248240118
2775.6,0.20818322972844172
2776.4,0.17790137591781469
2777.2,0.198127348826232
2778.0,0.1800798320211502
2778.8,0.18541195034192764
2779.6,0.21940001918851215
2780.4,0.2105912146837675
2781.2,0.20781175507827193
2782.0,0.20680141221977846
2782.8,0.1704478340960482
2783.6,0.22149189026252464
2784.4,0.22073915494693946
2785.2,0.20842605228197725
2786.0,0.21840306637652415
2786.8,0.2308787229045166
2787.6,0.16941588847955485
2788.4,0.19407937072242706
2789.2,0.20264114897930646
2790.0,0.18815079165262877
2790.8,0.1707944595402046
2791.6,0.20175107557557503
2792.4,0.20462814275264402
2793.2,0.17558382745838486
2794.0,0.2142882868505016
2794.8,0.18698496744501045
2795.6,0.20319451834555774
2796.4,0.21081619939013702
2797.2,0.1865528900990498
2798.0,0.2060591042055514
2798.8,0.19192242422006955
2799.6,0.2209276433065931
2800,0.20082772115552444
2800.8,0.2008662096692359
2801.6,0.20179710667880435
2802.4,0.22253168372844523
2803.2,0.18734250828523497
2804,0.21395882343652622
2804.8,0.797361230598174
2806,1.7003647549039622
2806.8,1.7035360779588822
2807.6,1.712571351829122
2808.4,1.6881538870562265
2809.2,1.6957665777623505
2810.0,1.7096950876470507
2810.8,1.7195256415157039
2811.6,1.677206054883138
2812,1.6530586447081417
2813,0.9172168669021818
2813.8,0.921477942240184
2814.6,0.8978842222108275
2815.4,0.9201198728135905
2816.2,0.8818947352536999
2817.0,0.8817102819927681
2817.8,0.9105953292635862
2818.6,0.8964879204964287
2819.4,0.8961972001815115
2820.2,0.9119378941763823
2821.0,0.8880252270318095
2822,0.8648462089751546
2822.8,0.9155845545980608
2823.6,0.8921660474114503
2824.4,0.9294774050562465
2825.2,0.8926502003575156
2826.0,0.9291262878171408
2827,0.9285207004494485
2827.8,0.9329410329873736
2828.6,0.8943271853747978
2829.4,0.9079661010190367
2830.2,0.8815683311476765
2831.0,0.9158992932387471
2831.8,0.9074311277821101
2832.6,0.8838205978244378
2833.4,0.9063493205861405
2834.2,0.899784990371983
2835,0.9319623899155496
2835.8,0.9154190457458615
2836.6,0.9029954325232575
2837.4,0.8954187489187012
2838.2,0.9031954344074917
2839.0,0.9047258797832867
2839.8,0.9254853847276778
2840.6,0.9014226337743824
2841.4,0.9115124184938265
2842.2,0.874258153846154
2843.0,0.8771022111313004
2843.8,0.9028411390779558
2844.6,0.9212229491715431
2845.4,0.8780990871763261
2846.2,0.8686767656191249
2847.0,0.9009286569289559
2847.8,0.8990856358707382
2848.6,0.8790244516201133
2849.4,0.9284636543719099
2850,0.8864272672479717
2851,0.6133312031296188
2851.8,0.5992842592864901
2852.6,0.5744772002417838
2853.4,0.5976640384650315
2854.2,0.6076234733341906
2855.0,0.5992708619956834
2855.8,0.5948387321595234
2856.6,0.6281250959745177
2857.4,0.6070495378728669
2858.2,0.6174692428130314
2859.0,0.5862747039355484
2860,0.637995243043656
2860.8,0.5884645755599427
2861.6,0.597639335922299
2862.4,0.5921711756187557
2863.2,0.595578807858461
2864.0,0.5887902387851588
2864.8,0.6215656771321839
2865.6,0.5968267671826232
2866.4,0.6210190254830472
2867.2,0.6105552529197451
2868.0,0.582053596493204
2869,0.5951667409985854
2870,0.22065340741306255
2870.8,0.2059742278725742
2871.6,0.21440015773598164
2872.4,0.17783733802590068
2873.2,0.21767219538967775
2874.0,0.21785553484120346
2874.8,0.17185883010307534
2875.6,0.17878464101018382
2876.4,0.2078240572453141
2877.2,0.22813490419217575
2878.0,0.21314667719168856
2878.8,0.2131285044992005
2879.6,0.21700207281568118
2880.4,0.18032967498735122
2881.2,0.20744458762475565
2882.0,0.2253898117895624
2882.8,0.20646360471118702
2883.6,0.21728650562499152
2884.4,0.17342841456495964
2885.2,0.1798171144891079
2886.0,0.1934802830521054
2886.8,0.20673401716461426
2887.6,0.18649071701257142
2888.4,0.19417209124945123
2889.2,0.20993497758370994
2890.0,0.22760443909281708
2890.8,0.21819042701164781
2891.6,0.22369600821189273
2892.4,0.20842294196623615
2893.2,0.179697748391837
2894.0,0.22415195104504967
2894.8,0.22394152113123628
2895.6,0.17149530413278907
2896.4,0.22768134754907715
2897.2,0.19003088079146768
2898.0,0.19290263683978937
2898.8,0.20671856399995625
2899.6,0.18917287235774619
2900,0.18653817055541808
2900.8,0.18485616656474396
2901.6,0.19783971973999065
2902.4,0.18949079076201106
2903.2,0.2011453284657247
2904,0.22105110563222885
2904.8,0.7990744862978302
2906,1.7155691895257055
2906.8,1.6952447810123825
2907.6,1.6926254396740008
2908.4,1.6766664077377464
2909.2,1.7075170644570044
2910.0,1.68258829468939
2910.8,1.6686573120773522
2911.6,1.6917146479951708
2912,1.6545112789649548
2913,0.9301094672461082
2913.8,0.900023580069211
2914.6,0.927882832009703
2915.4,0.8855336101500237
2916.2,0.9307054021899882
2917.0,0.8932366166329028
2917.8,0.924258457149974
2918.6,0.9296243189421007
2919.4,0.9074097415062857
2920.2,0.9049054689246907
2921.0,0.9297628901499662
2922,0.8630281640490165
2922.8,0.9089244559808575
2923.6,0.8840945515522027
2924.4,0.8940590625433845
2925.2,0.939102352990008
2926.0,0.8909186542752527
2927,0.8738921183227477
2927.8,0.9075469694151496
2928.6,0.8999465178842992
2929.4,0.9201703232943511
2930.2,0.91972839846893
2931.0,0.902077701075361
2931.8,0.9389366465095975
2932.6,0.9261653312478295
2933.4,0.9292555265493823
2934.2,0.9031185363141346
2935,0.8839630247324826
2935.8,0.9153537077243369
2936.6,0.9180678666185519
2937.4,0.8984869518132798
2938.2,0.9196206787866776
2939.0,0.8930971869168814
2939.8,0.9035323859743957
2940.6,0.9153940411585838
2941.4,0.9245915680498735
2942.2,0.8787063486472829
2943.0,0.9169107412507213
2943.8,0.891657413966764
2944.6,0.8991208900113948
2945.4,0.9084385064255974
2946.2,0.9160512298571819
2947.0,0.8742996352853515
2947.8,0.8733015171971374
2948.6,0.9115684227931824
2949.4,0.92040341653677
2950,0.9229439901797116
2951,0.6295668968346119
2951.8,0.6030562933215092
2952.6,0.6103645407099904
2953.4,0.6025109102107349
2954.2,0.6278891040070941
2955.0,0.5822429379662892
2955.8,0.59486101053591
2956.6,0.5976288417886746
2957.4,0.6192933558349798
2958.2,0.6240199558535324
2959.0,0.5790647881093993
2960,0.5825082051939654
2960.8,0.6106235173338317
2961.6,0.5912769708071453
2962.4,0.6070468340693655
2963.2,0.6169099748443782
2964.0,0.6048266045186199
2964.8,0.6221466053447042
2965.6,0.6007994896410899
2966.4,0.6072060860427686
2967.2,0.6106052836228275
2968.0,0.574279126069895
2969,0.6264046902352919
2970,0.1713665868359034
2970.8,0.1860184997382553
2971.6,0.2103334828247087
2972.4,0.21280379762048257
2973.2,0.19771176908132726
2974.0,0.1867060618831842
2974.8,0.1770195665752216
2975.6,0.21340839959701285
2976.4,0.17388565493805314
2977.2,0.1735331616937626
2978.0,0.2309787293599721
2978.8,0.19839227120043879
2979.6,0.22573645259480746
2980.4,0.1918866534222457
2981.2,0.21283589418891946
2982.0,0.21826857118878037
2982.8,0.2229156273274589
2983.6,0.18659721933864576
2984.4,0.1963974031371185
2985.2,0.19264742247290245
2986.0,0.1697327396506439
2986.8,0.17945448744112985
2987.6,0.21733193477201024
2988.4,0.1975703950427957
2989.2,0.1831842367484836
2990.0,0.2172228240030616
2990.8,0.17894128290500497
2991.6,0.20990397679264639
2992.4,0.1884617823118765
2993.2,0.1913077847527925
2994.0,0.174868225314166
2994.8,0.20138128614298637
2995.6,0.20488137185148508
2996.4,0.16767052000952049
2997.2,0.1687485682103862
2998.0,0.21279287178011813
2998.8,0.18226077135292088
2999.6,0.17740924806315966
3000,0.19193545792076366
3000,0.22877106838422268
